Cluster,Layer,Correlation,p_value,Significant
Cluster_0,0,-0.21262339394372404,0.001673429444380851,True
Cluster_0,1,-0.07843151264006477,0.2510579292659321,False
Cluster_0,2,0.061673751771276146,0.36704896835658896,False
Cluster_0,3,0.06544969575727264,0.3383878094324989,False
Cluster_0,4,-0.018739208611676723,0.7842114388743823,False
Cluster_0,5,0.0236428154657712,0.729711690536202,False
Cluster_0,6,-0.03363459912597197,0.6230046641090969,False
Cluster_0,7,0.033777491992045626,0.6215278703128826,False
Cluster_0,8,-0.024793103037664174,0.7171098622710282,False
Cluster_0,9,-0.12233177341954536,0.0727788608177508,False
Cluster_0,10,0.011798187642148631,0.8631253525011985,False
Cluster_0,11,0.05274056609390443,0.44060967875584567,False
Cluster_0,12,0.0028614296431250666,0.9666499076593509,False
Cluster_1,0,0.014615384615384615,0.9447196857477185,False
Cluster_1,1,-0.002307692307692308,0.9912651655388018,False
Cluster_1,2,0.025384615384615387,0.9041313354468479,False
Cluster_1,3,0.1376923076923077,0.5115973965854037,False
Cluster_1,4,-0.02692307692307692,0.8983497047434486,False
Cluster_1,5,-0.06692307692307692,0.7506056746243597,False
Cluster_1,6,-0.2784615384615384,0.17770149281341097,False
Cluster_1,7,-0.19538461538461538,0.34928733392328004,False
Cluster_1,8,-0.24153846153846154,0.24475409855765914,False
Cluster_1,9,-0.2230769230769231,0.28378251019969736,False
Cluster_1,10,-0.1623076923076923,0.4382499479372728,False
Cluster_1,11,-0.12923076923076923,0.538116551492184,False
Cluster_1,12,0.03461538461538462,0.8695226597695909,False
Cluster_2,0,-0.198582995951417,0.22554454540374502,False
Cluster_2,1,-0.09979757085020242,0.5455308803445691,False
Cluster_2,2,-0.2119433198380567,0.19521830392452302,False
Cluster_2,3,-0.11376518218623483,0.4904507699117533,False
Cluster_2,4,-0.06052631578947369,0.7143466993075316,False
Cluster_2,5,0.1354251012145749,0.4110711273539047,False
Cluster_2,6,0.27894736842105267,0.08549263130123808,False
Cluster_2,7,0.22995951417004049,0.159033944662054,False
Cluster_2,8,0.23076923076923078,0.1575307292991916,False
Cluster_2,9,0.2708502024291498,0.09536262993111436,False
Cluster_2,10,0.34210526315789475,0.0330293409208826,True
Cluster_2,11,0.32206477732793526,0.04555576552459223,True
Cluster_2,12,-0.14615384615384616,0.37464020360681305,False
Cluster_3,0,-0.2739366515837104,0.0517524237216774,False
Cluster_3,1,-0.24515837104072397,0.08292748555526312,False
Cluster_3,2,-0.2339366515837104,0.09848564068083364,False
Cluster_3,3,-0.223710407239819,0.1145474835173771,False
Cluster_3,4,-0.18054298642533936,0.20486257424253476,False
Cluster_3,5,-0.03864253393665158,0.7877588691180821,False
Cluster_3,6,-0.09990950226244344,0.48545460501950954,False
Cluster_3,7,-0.10009049773755656,0.4846604281347169,False
Cluster_3,8,0.040271493212669686,0.7790325907360915,False
Cluster_3,9,-0.08280542986425339,0.5634785949709789,False
Cluster_3,10,0.020180995475113123,0.8882156206364084,False
Cluster_3,11,0.103710407239819,0.4689211448440834,False
Cluster_3,12,-0.3258823529411764,0.01961285855007575,True
Cluster_4,0,-0.4675504184760723,9.480295767570722e-06,True
Cluster_4,1,-0.19154123268140313,0.08473453964962915,False
Cluster_4,2,-0.27358213341169557,0.012882429710957105,True
Cluster_4,3,-0.10144643615110849,0.36447224666938927,False
Cluster_4,4,-0.010219740751624384,0.9273930100016794,False
Cluster_4,5,0.07308366256353327,0.5140695007800378,False
Cluster_4,6,-0.15825905247004277,0.15558949910730654,False
Cluster_4,7,-0.066879986068937,0.5505103527391862,False
Cluster_4,8,0.18781902678464535,0.09107829941547764,False
Cluster_4,9,0.08958326531056475,0.4234974064631648,False
Cluster_4,10,0.19554641329545827,0.07830555160946152,False
Cluster_4,11,0.27715196830683164,0.01170954456733188,True
Cluster_4,12,0.15077110610463534,0.17635172042320627,False
Cluster_5,0,-0.3347931138628813,0.028202750910719887,True
Cluster_5,1,-0.2509815765629719,0.10450334214591717,False
Cluster_5,2,-0.27604953186348535,0.07315952397268115,False
Cluster_5,3,-0.09830866807610994,0.5305418158112443,False
Cluster_5,4,-0.24811235276351556,0.10866188866737851,False
Cluster_5,5,-0.21700392630625193,0.16217947796123627,False
Cluster_5,6,-0.31561461794019935,0.0392398544918354,True
Cluster_5,7,-0.3142555119299305,0.04014006646287539,True
Cluster_5,8,-0.2376925400181214,0.12482908608610645,False
Cluster_5,9,-0.26094835397160976,0.09099844782619661,False
Cluster_5,10,-0.14044095439444276,0.3690475110038811,False
Cluster_5,11,-0.011023859861069164,0.94406613386385,False
Cluster_5,12,0.003171247357293869,0.9838977767148063,False
Cluster_6,0,-0.45785793154214205,2.8288504258389643e-05,True
Cluster_6,1,-0.33855618066144383,0.0025978696397586025,True
Cluster_6,2,-0.3762816131237184,0.0007443074187471996,True
Cluster_6,3,-0.26978284873021713,0.017654246292622792,True
Cluster_6,4,-0.16454598033545398,0.1527066387976675,False
Cluster_6,5,0.027183342972816656,0.8144612414646168,False
Cluster_6,6,-0.09682422840317577,0.4021975141882037,False
Cluster_6,7,-0.09277564540722436,0.4222521249135548,False
Cluster_6,8,-0.04300962195699037,0.7103345469224289,False
Cluster_6,9,-0.13959724486040276,0.22594742954067984,False
Cluster_6,10,-0.014301487985698509,0.9017518029021931,False
Cluster_6,11,0.0681686734318313,0.5558079055409321,False
Cluster_6,12,-0.12605815237394183,0.2746451035589304,False
Cluster_7,0,-0.18576462297392532,0.2273198480051831,False
Cluster_7,1,-0.27188160676532763,0.07420624987967293,False
Cluster_7,2,-0.2651162790697674,0.0819944974649761,False
Cluster_7,3,-0.227061310782241,0.1382784696185118,False
Cluster_7,4,-0.3276955602536998,0.029896263014608866,True
Cluster_7,5,-0.24989429175475683,0.10184720870503694,False
Cluster_7,6,-0.31444679351656096,0.03763448682029924,True
Cluster_7,7,-0.26892177589852007,0.07753865706434691,False
Cluster_7,8,-0.09795630725863283,0.5270033335278852,False
Cluster_7,9,-0.019591261451726565,0.8995541475792512,False
Cluster_7,10,0.07103594080338266,0.6467989169048016,False
Cluster_7,11,0.15757575757575756,0.3069947473646064,False
Cluster_7,12,-0.27470049330514446,0.07113839921057173,False
Cluster_8,0,-0.05335968379446641,0.8089311975158359,False
Cluster_8,1,-0.18873517786561267,0.38843721216480787,False
Cluster_8,2,-0.24901185770750991,0.2518846223428396,False
Cluster_8,3,-0.2707509881422925,0.21145886194855512,False
Cluster_8,4,-0.40513833992094866,0.05513868745334022,False
Cluster_8,5,-0.2628458498023716,0.2256214155097076,False
Cluster_8,6,-0.2984189723320158,0.16663080050326307,False
Cluster_8,7,-0.2440711462450593,0.2617235917853156,False
Cluster_8,8,0.025691699604743084,0.9073666997030373,False
Cluster_8,9,0.3992094861660079,0.0591470239602352,False
Cluster_8,10,0.3577075098814229,0.09377491130691878,False
Cluster_8,11,0.3873517786561265,0.06783171233563062,False
Cluster_8,12,0.0029644268774703555,0.989289490226476,False
Cluster_9,0,-0.30735042735042734,0.12667317044596432,False
Cluster_9,1,-0.19658119658119655,0.33579369165846373,False
Cluster_9,2,-0.07829059829059828,0.7038293895051484,False
Cluster_9,3,-0.06666666666666665,0.7462587084883725,False
Cluster_9,4,-0.1829059829059829,0.371134135753436,False
Cluster_9,5,-0.05367521367521367,0.7945413142226205,False
Cluster_9,6,-0.24649572649572649,0.22478171341939213,False
Cluster_9,7,-0.08854700854700855,0.66709078570047,False
Cluster_9,8,0.035897435897435895,0.8617906014768556,False
Cluster_9,9,-0.01811965811965812,0.9299915499103084,False
Cluster_9,10,0.06256410256410255,0.7614147178180355,False
Cluster_9,11,0.30188034188034185,0.13392277370857933,False
Cluster_9,12,0.06735042735042734,0.7437414475226706,False
Cluster_10,0,-0.29460351036236815,0.020106958450018142,True
Cluster_10,1,-0.16748507970083856,0.1932060220822073,False
Cluster_10,2,-0.23497267759562843,0.06601010536446286,False
Cluster_10,3,-0.16587343557200776,0.19758752833564017,False
Cluster_10,4,-0.21664022563017804,0.09078684958151692,False
Cluster_10,5,-0.23295812243458994,0.06843328252988501,False
Cluster_10,6,-0.35272342675832896,0.004926333525302886,True
Cluster_10,7,-0.18365188486817255,0.15305244165757592,False
Cluster_10,8,-0.02248747198509229,0.8622702656792304,False
Cluster_10,9,0.05769182342424014,0.6560362096563885,False
Cluster_10,10,0.11082571579663066,0.39115240949991925,False
Cluster_10,11,0.12845307345571758,0.31974292455111497,False
Cluster_10,12,0.2658960993175694,0.03672362488116009,True
Cluster_11,0,-0.06461538461538462,0.6523660868318363,False
Cluster_11,1,-0.10986425339366516,0.4428054735004394,False
Cluster_11,2,-0.0551131221719457,0.700888674066021,False
Cluster_11,3,-0.031131221719457012,0.8283156748374454,False
Cluster_11,4,0.03203619909502262,0.8234035010591113,False
Cluster_11,5,0.14886877828054298,0.29713224631069535,False
Cluster_11,6,0.0269683257918552,0.8509927754362998,False
Cluster_11,7,-0.02,0.8892118742955717,False
Cluster_11,8,0.17447963800904978,0.22074010560576998,False
Cluster_11,9,0.1323076923076923,0.3546959144301377,False
Cluster_11,10,0.1839819004524887,0.19622376946518033,False
Cluster_11,11,0.23230769230769233,0.10092033954226265,False
Cluster_11,12,-0.20425339366515838,0.15051753734542703,False
Cluster_12,0,0.059081632653061225,0.6867661220658328,False
Cluster_12,1,0.10540816326530611,0.47101966788956606,False
Cluster_12,2,0.18887755102040815,0.1936879166193637,False
Cluster_12,3,0.20387755102040817,0.15998903898142872,False
Cluster_12,4,0.1886734693877551,0.19417871524459263,False
Cluster_12,5,0.26959183673469383,0.061030447302832865,False
Cluster_12,6,0.21163265306122445,0.14435118494314828,False
Cluster_12,7,0.20826530612244895,0.1509958922198396,False
Cluster_12,8,0.03857142857142857,0.7924521070812418,False
Cluster_12,9,-0.07612244897959182,0.6031635145354514,False
Cluster_12,10,-0.005306122448979591,0.9711354589842429,False
Cluster_12,11,0.009795918367346938,0.9467386997947622,False
Cluster_12,12,-0.06183673469387754,0.6729613970287298,False
Cluster_13,0,-0.07931034482758618,0.682570776555234,False
Cluster_13,1,0.12807881773399013,0.5078931884210848,False
Cluster_13,2,0.05763546798029554,0.7664888388040039,False
Cluster_13,3,-0.001970443349753694,0.9919060867792221,False
Cluster_13,4,0.06995073891625614,0.7184219787053097,False
Cluster_13,5,0.30147783251231525,0.11198676304590108,False
Cluster_13,6,0.3344827586206896,0.07614647692065203,False
Cluster_13,7,0.31576354679802954,0.09518806726820411,False
Cluster_13,8,0.4438423645320196,0.015871803848119346,True
Cluster_13,9,0.5029556650246305,0.005420748952227925,True
Cluster_13,10,0.4812807881773397,0.008212707805216653,True
Cluster_13,11,0.45172413793103444,0.01389684897328752,True
Cluster_13,12,0.2068965517241379,0.28153927401081624,False
Cluster_14,0,-0.316138125440451,0.036563547472492006,True
Cluster_14,1,-0.3692741367159972,0.01363059238909611,True
Cluster_14,2,-0.34080338266384774,0.023586539077622728,True
Cluster_14,3,-0.2397463002114165,0.1170041700918875,False
Cluster_14,4,-0.2832980972515856,0.06239651112888209,False
Cluster_14,5,-0.33727977448907676,0.02516186888130558,True
Cluster_14,6,-0.4632840028188865,0.0015403778268666527,True
Cluster_14,7,-0.5289640591966173,0.00022295179485765378,True
Cluster_14,8,-0.4356589147286821,0.003118020835957008,True
Cluster_14,9,-0.17603946441155743,0.2530173609078404,False
Cluster_14,10,-0.1003523608174771,0.5168955676024749,False
Cluster_14,11,-0.11162790697674418,0.47066429458769776,False
Cluster_14,12,-0.037068357998590554,0.8111931177802298,False
Cluster_15,0,-0.31965811965811963,0.11141363831154774,False
Cluster_15,1,-0.17675213675213672,0.3877155926568773,False
Cluster_15,2,-0.1158974358974359,0.572887073891802,False
Cluster_15,3,-0.0010256410256410254,0.99603250126501,False
Cluster_15,4,0.17606837606837608,0.3895836671644305,False
Cluster_15,5,0.18564102564102564,0.3638989666000729,False
Cluster_15,6,0.06256410256410255,0.7614147178180355,False
Cluster_15,7,-0.03316239316239316,0.8722326311142032,False
Cluster_15,8,0.14735042735042733,0.47255604009205465,False
Cluster_15,9,0.09128205128205127,0.6574145699161673,False
Cluster_15,10,0.1658119658119658,0.41821408326510057,False
Cluster_15,11,0.17264957264957262,0.3990005880076417,False
Cluster_15,12,-0.15623931623931625,0.4459494061597685,False
Cluster_16,0,-0.2105065666041276,0.19229868680898574,False
Cluster_16,1,-0.4386491557223265,0.00463521644747773,True
Cluster_16,2,-0.3452157598499062,0.029134319133210386,True
Cluster_16,3,-0.3242026266416511,0.04125974055055018,True
Cluster_16,4,-0.200562851782364,0.2146416561354972,False
Cluster_16,5,-0.16585365853658537,0.3064053370802132,False
Cluster_16,6,-0.15178236397748596,0.3498150338168413,False
Cluster_16,7,-0.20712945590994375,0.1996946751194656,False
Cluster_16,8,-0.24859287054409007,0.12191667046292803,False
Cluster_16,9,-0.2155722326454034,0.18157054564484026,False
Cluster_16,10,-0.19699812382739215,0.22307201581864508,False
Cluster_16,11,-0.1350844277673546,0.4059302902437846,False
Cluster_16,12,-0.05759849906191371,0.7240683974142262,False
Cluster_17,0,0.025067955300513436,0.873225570780402,False
Cluster_17,1,0.2681969193597101,0.08205640294029963,False
Cluster_17,2,0.07067351253397765,0.6524617465124394,False
Cluster_17,3,0.2237994563575959,0.14911100508351469,False
Cluster_17,4,-0.1383267894895802,0.3763702458144844,False
Cluster_17,5,-0.014195107218363033,0.9280129733758853,False
Cluster_17,6,-0.2597402597402597,0.09255945017174143,False
Cluster_17,7,-0.18242222893385682,0.24166738881027688,False
Cluster_17,8,-0.14950166112956811,0.33864200653921483,False
Cluster_17,9,-0.0374509211718514,0.8115483066538582,False
Cluster_17,10,-0.06357595892479613,0.685462129051945,False
Cluster_17,11,-0.0708245243128964,0.6517664039110511,False
Cluster_17,12,-0.06765327695560254,0.6664290171040076,False
Cluster_18,0,-0.5315315315315315,0.0008501433313093286,True
Cluster_18,1,-0.3637065637065638,0.029219232906631032,True
Cluster_18,2,-0.3137709137709138,0.062383834977046734,False
Cluster_18,3,-0.2200772200772201,0.19714005108228871,False
Cluster_18,4,-0.19433719433719435,0.25606485029098713,False
Cluster_18,5,-0.004375804375804376,0.9797930769598763,False
Cluster_18,6,-0.09652509652509651,0.5754646078975395,False
Cluster_18,7,-0.1722007722007722,0.3152492096913929,False
Cluster_18,8,-0.07722007722007723,0.6544140955709761,False
Cluster_18,9,0.050965250965250966,0.7678476369276918,False
Cluster_18,10,0.09498069498069499,0.5816198043342669,False
Cluster_18,11,0.2710424710424711,0.1098305772818933,False
Cluster_18,12,-0.13822393822393822,0.4214289475003635,False
Cluster_19,0,-0.4408589411329137,8.451641849919342e-05,True
Cluster_19,1,-0.31657904479822285,0.005995721162208018,True
Cluster_19,2,-0.31835616438356157,0.0057046112408211044,True
Cluster_19,3,-0.2752313957793409,0.017627226886499352,True
Cluster_19,4,-0.25064790818215466,0.031243443959803947,True
Cluster_19,5,-0.07607552758237687,0.5194330505395495,False
Cluster_19,6,-0.13664568678267305,0.24567705259550032,False
Cluster_19,7,-0.11010736764161419,0.3503567185920218,False
Cluster_19,8,0.17523880044427986,0.13533789866456603,False
Cluster_19,9,0.20091817845242496,0.08607241969792197,False
Cluster_19,10,0.23699370603480188,0.042047348044211154,True
Cluster_19,11,0.35659385412810063,0.0018176285579175825,True
Cluster_19,12,-0.08285820066641983,0.48277478311892286,False
Cluster_20,0,-0.5429666119321293,0.002830353386260914,True
Cluster_20,1,-0.391351943076081,0.039457444263989214,True
Cluster_20,2,-0.3541324575807335,0.06447348833866172,False
Cluster_20,3,-0.48713738368910786,0.008561048979787914,True
Cluster_20,4,-0.34865900383141757,0.06900969270913108,False
Cluster_20,5,-0.23371647509578544,0.23130964952014121,False
Cluster_20,6,-0.08319649698960044,0.6738323118155445,False
Cluster_20,7,-0.061850027367268745,0.7545407778923472,False
Cluster_20,8,0.20361247947454844,0.2986972072261833,False
Cluster_20,9,0.3568691844553913,0.06229398630311,False
Cluster_20,10,0.3858784893267652,0.04254999264148391,True
Cluster_20,11,0.45539135194307606,0.014885948450377566,True
Cluster_20,12,-0.18007662835249041,0.35916389210623445,False
Cluster_21,0,-0.15350427350427348,0.4540497924839445,False
Cluster_21,1,-0.12547008547008545,0.5413777509326165,False
Cluster_21,2,-0.22324786324786322,0.27296108792660434,False
Cluster_21,3,-0.2916239316239316,0.14831674262758152,False
Cluster_21,4,-0.15623931623931625,0.4459494061597685,False
Cluster_21,5,-0.048888888888888885,0.8125273985485001,False
Cluster_21,6,-0.28957264957264955,0.15132327920078376,False
Cluster_21,7,-0.3634188034188034,0.06801389017851188,False
Cluster_21,8,-0.3716239316239316,0.06158029079877183,False
Cluster_21,9,-0.42632478632478626,0.029872338795465213,True
Cluster_21,10,-0.35999999999999993,0.07084228282488045,False
Cluster_21,11,-0.3011965811965812,0.13484965036938648,False
Cluster_21,12,-0.05162393162393161,0.8022376869803893,False
Cluster_22,0,-0.2009049773755656,0.1574677885101361,False
Cluster_22,1,-0.3277828054298642,0.018870239425789134,True
Cluster_22,2,-0.21647058823529414,0.12707493302571618,False
Cluster_22,3,-0.256289592760181,0.06946981318030633,False
Cluster_22,4,-0.14941176470588236,0.2953538020269155,False
Cluster_22,5,-0.05113122171945701,0.7215929286465438,False
Cluster_22,6,0.031855203619909504,0.8243854059292482,False
Cluster_22,7,0.22796380090497737,0.10764013688170597,False
Cluster_22,8,0.398552036199095,0.003770593893751119,True
Cluster_22,9,0.4056108597285068,0.0031480045806620135,True
Cluster_22,10,0.4657918552036199,0.0005719984758507394,True
Cluster_22,11,0.49592760180995477,0.0002150199230683286,True
Cluster_22,12,-0.42117647058823526,0.0020853945227947463,True
Cluster_23,0,-0.3082706766917293,0.1860555607781014,False
Cluster_23,1,0.015037593984962403,0.9498276950483329,False
Cluster_23,2,-0.016541353383458645,0.9448174502147446,False
Cluster_23,3,0.09924812030075188,0.6771888443218218,False
Cluster_23,4,0.33684210526315783,0.1464329432946607,False
Cluster_23,5,0.6962406015037594,0.0006499244054973399,True
Cluster_23,6,0.45563909774436084,0.043493409805465975,True
Cluster_23,7,0.37293233082706767,0.1053477229621267,False
Cluster_23,8,0.4285714285714286,0.05937977468606565,False
Cluster_23,9,0.40751879699248117,0.07450821585547025,False
Cluster_23,10,0.3578947368421052,0.12130112810947345,False
Cluster_23,11,0.2781954887218045,0.23497379059889356,False
Cluster_23,12,0.12030075187969923,0.6134176645307821,False
Cluster_24,0,-0.08434782608695651,0.6951626031358499,False
Cluster_24,1,-0.13130434782608694,0.5408189353993529,False
Cluster_24,2,-0.09478260869565217,0.659543078769137,False
Cluster_24,3,-0.04869565217391304,0.8212344730022532,False
Cluster_24,4,-0.12956521739130433,0.546239269258583,False
Cluster_24,5,0.06521739130434781,0.7620689398781239,False
Cluster_24,6,0.11217391304347826,0.601772453267223,False
Cluster_24,7,0.04869565217391304,0.8212344730022532,False
Cluster_24,8,0.0008695652173913043,0.9967824967252694,False
Cluster_24,9,-0.011304347826086955,0.958190162801108,False
Cluster_24,10,0.2026086956521739,0.34237332678092103,False
Cluster_24,11,0.24260869565217388,0.25334838197246135,False
Cluster_24,12,0.019130434782608695,0.9293010160374854,False
Cluster_25,0,0.4300751879699248,0.05839600708511875,False
Cluster_25,1,0.38496240601503756,0.09372546338767992,False
Cluster_25,2,0.3639097744360902,0.11472526385210588,False
Cluster_25,3,0.38496240601503756,0.09372546338767992,False
Cluster_25,4,0.34736842105263155,0.13344922901624715,False
Cluster_25,5,0.3804511278195489,0.0979680397059128,False
Cluster_25,6,0.4631578947368421,0.039724966457935725,True
Cluster_25,7,0.5428571428571428,0.01338720542801516,True
Cluster_25,8,0.28120300751879695,0.22974103217104477,False
Cluster_25,9,0.25112781954887214,0.2855217106335982,False
Cluster_25,10,0.3639097744360902,0.11472526385210588,False
Cluster_25,11,0.3037593984962406,0.19291416827770463,False
Cluster_25,12,0.10526315789473684,0.6587277693915812,False
Cluster_26,0,-0.8045112781954886,1.9005924425704478e-05,True
Cluster_26,1,-0.6466165413533834,0.0020638211543594184,True
Cluster_26,2,-0.6150375939849623,0.003900311298213227,True
Cluster_26,3,-0.6360902255639098,0.002571107276428487,True
Cluster_26,4,-0.47368421052631576,0.034879991379496524,True
Cluster_26,5,0.16842105263157892,0.4778286757964305,False
Cluster_26,6,-0.20300751879699244,0.39066623935419653,False
Cluster_26,7,-0.17293233082706763,0.4659400851924169,False
Cluster_26,8,0.24060150375939846,0.3068610916782761,False
Cluster_26,9,0.4812030075187969,0.031711044624462434,True
Cluster_26,10,0.6676691729323309,0.0012967923499898853,True
Cluster_26,11,0.6857142857142857,0.0008456156084852951,True
Cluster_26,12,0.05714285714285714,0.8108800461568323,False
Cluster_27,0,-0.21654135338345865,0.3591457825704002,False
Cluster_27,1,-0.30526315789473685,0.19060938739632305,False
Cluster_27,2,-0.3684210526315789,0.10996436611637714,False
Cluster_27,3,-0.3924812030075188,0.08695594245899081,False
Cluster_27,4,-0.43909774436090226,0.052750717433839675,False
Cluster_27,5,-0.31879699248120297,0.1706978721400242,False
Cluster_27,6,-0.38345864661654133,0.09512441358281763,False
Cluster_27,7,-0.4646616541353384,0.039002619486165416,True
Cluster_27,8,-0.34736842105263155,0.13344922901624715,False
Cluster_27,9,-0.35488721804511275,0.12468812756013875,False
Cluster_27,10,-0.2902255639097744,0.2144999822607423,False
Cluster_27,11,-0.22105263157894736,0.3489737543021465,False
Cluster_27,12,-0.17593984962406017,0.45809865870248545,False
