Cluster,Layer,Correlation,p_value
Cluster_0,0,-0.45006798653612,3.054178933410406e-08
Cluster_0,1,-0.30138562788077417,0.00032793351386472186
Cluster_0,2,-0.2947822926345058,0.0004485602339221317
Cluster_0,3,-0.2502006464784232,0.0030795801224736763
Cluster_0,4,-0.13882530531573978,0.1044041268648813
Cluster_0,5,0.048143611226683765,0.5749745277755673
Cluster_0,6,-0.19340557008987536,0.023035881800761833
Cluster_0,7,-0.19013130219805346,0.025506976354219724
Cluster_0,8,0.08142515152737821,0.34241413862365966
Cluster_0,9,0.020618297812518588,0.8103050279574237
Cluster_0,10,0.20093592957887713,0.018120477106528157
Cluster_0,11,0.3105919376017127,0.00020926002083999798
Cluster_0,12,0.004084843276477935,0.9620750717108225
Cluster_1,0,-0.020853985423637814,0.26878139838762566
Cluster_1,1,0.06167214950271644,0.0010633943669802113
Cluster_1,2,0.06538563489390233,0.0005191137659422772
Cluster_1,3,0.09147669867388286,1.1702123831598059e-06
Cluster_1,4,0.07733645645244298,4.01165548842111e-05
Cluster_1,5,0.08902187182540865,2.249062633656947e-06
Cluster_1,6,0.03923890758860469,0.037398322294563524
Cluster_1,7,0.03783722052577858,0.04475141551868013
Cluster_1,8,0.024079816733278085,0.20160816495445544
Cluster_1,9,-0.0046850300564755445,0.8038106756598586
Cluster_1,10,0.02657871812165674,0.15867325461017223
Cluster_1,11,0.0018329278656896864,0.9225767170796373
Cluster_1,12,0.1434029720719989,2.117677905131033e-14
Cluster_2,0,0.20962341358186648,0.00623162550290039
Cluster_2,1,0.2071147847309882,0.00689506915007456
Cluster_2,2,0.21952367134618506,0.0041347722687143105
Cluster_2,3,0.19468600809516984,0.011198204474241668
Cluster_2,4,0.21303082273957585,0.00542182822868202
Cluster_2,5,0.07338050170391279,0.3430553520404006
Cluster_2,6,0.09685694166864865,0.21029931525500217
Cluster_2,7,0.06545059910740497,0.39785967386057297
Cluster_2,8,0.00803183895219266,0.9174545330834174
Cluster_2,9,0.0009174272011636252,0.9905548312843863
Cluster_2,10,0.0066681294133356175,0.9314320137992915
Cluster_2,11,-0.03794767309311765,0.6242506965325199
Cluster_2,12,-0.08464446900708841,0.27387766573968797
Cluster_3,0,-0.20256220724856447,0.00011119863881294974
Cluster_3,1,-0.026057795552512412,0.6226582251396993
Cluster_3,2,-0.041969468262243036,0.42790367819528197
Cluster_3,3,-0.016825913073248162,0.7507002154184454
Cluster_3,4,-0.051219765228261833,0.3331808151618001
Cluster_3,5,0.033989770882287336,0.5209032103235243
Cluster_3,6,-0.06520829118750097,0.21775339457764303
Cluster_3,7,-0.0669016458920133,0.20601414201370666
Cluster_3,8,-0.03971395556882329,0.45316810547543607
Cluster_3,9,0.030069041357381098,0.5701242529357824
Cluster_3,10,0.0600115155381958,0.25674721550953494
Cluster_3,11,0.11659482423242713,0.027175241757399566
Cluster_3,12,0.05493274821950068,0.2992788725286198
Cluster_4,0,-0.3615787850755473,0.013548082664107631
Cluster_4,1,0.2942337341967314,0.04716117421858287
Cluster_4,2,0.3799568300955905,0.00919931100887201
Cluster_4,3,0.4558125192722787,0.0014556246255014121
Cluster_4,4,0.4658032685784767,0.0011050278798296128
Cluster_4,5,0.6360160345359235,2.0344391556266136e-06
Cluster_4,6,0.3848905334566759,0.008260741088516047
Cluster_4,7,0.3954979956830096,0.006518770403113262
Cluster_4,8,0.23700277520814061,0.1127661589842987
Cluster_4,9,0.3108849830403947,0.03547295593400026
Cluster_4,10,0.2506938020351526,0.09286997124542683
Cluster_4,11,0.21961147086031452,0.14252407422220043
Cluster_4,12,0.4497687326549491,0.0017128543048321085
Cluster_5,0,-0.564071400869496,1.1428699600789528e-10
Cluster_5,1,-0.40012373864389383,1.354896836420119e-05
Cluster_5,2,-0.4117383800610646,7.134648237000921e-06
Cluster_5,3,-0.31392879493444803,0.0007929450707875013
Cluster_5,4,-0.27559652919194566,0.0034154588128906633
Cluster_5,5,-0.012891506038401125,0.8931744300858266
Cluster_5,6,-0.15369325459737107,0.10728588453440961
Cluster_5,7,-0.17579924759310447,0.06495107226339317
Cluster_5,8,-0.06807750721095761,0.47773756838330483
Cluster_5,9,0.011816482560045685,0.9020363250270544
Cluster_5,10,0.10980158172394476,0.25129539867731154
Cluster_5,11,0.3383998395825635,0.0002804824260611003
Cluster_5,12,-0.12925731275671218,0.17635165818425308
Cluster_6,0,-0.11441679008777951,0.272169509626865
Cluster_6,1,-0.10480800491276235,0.31473926878589886
Cluster_6,2,-0.13499259473322978,0.1945497033032154
Cluster_6,3,-0.11018314489036593,0.2904227169616201
Cluster_6,4,-0.026984069645630892,0.7962781797730312
Cluster_6,5,-0.005642452046382256,0.9569558274601018
Cluster_6,6,-0.02727305566593216,0.7941444361713966
Cluster_6,7,-0.05229924502402196,0.6166397248724205
Cluster_6,8,0.16399234187046202,0.11424342084905724
Cluster_6,9,0.19274645089043818,0.06271086511665809
Cluster_6,10,0.2281472383773435,0.02699233218361611
Cluster_6,11,0.2666835241845176,0.00937048228958784
Cluster_6,12,-0.1902900697178774,0.06619957527414355
Cluster_7,0,-0.06337285902503292,0.6791880764460981
Cluster_7,1,0.11488801054018445,0.45235276408682745
Cluster_7,2,0.12450592885375492,0.41513752450533226
Cluster_7,3,0.09420289855072463,0.5382108362362139
Cluster_7,4,0.15968379446640316,0.2947354145960596
Cluster_7,5,0.10974967061923584,0.47295581276783405
Cluster_7,6,0.0613965744400527,0.688678370213444
Cluster_7,7,0.01844532279314888,0.9042746526000423
Cluster_7,8,-0.12160737812911723,0.4261650627294922
Cluster_7,9,-0.1968379446640316,0.194977586761493
Cluster_7,10,-0.13530961791831356,0.37549490419073406
Cluster_7,11,-0.08774703557312252,0.5665306706611912
Cluster_7,12,0.029644268774703556,0.8467191429021874
Cluster_8,0,-0.496045639482221,6.981168685306479e-13
Cluster_8,1,-0.410041436591027,6.7802563682261696e-09
Cluster_8,2,-0.3876159406655888,5.007781688444027e-08
Cluster_8,3,-0.3285907541495342,4.960083994461327e-06
Cluster_8,4,-0.29195505236701585,5.5231525967961134e-05
Cluster_8,5,-0.10214574582974996,0.16650021040775057
Cluster_8,6,-0.19761710153936551,0.0070112832361666315
Cluster_8,7,-0.17083993737146572,0.020069598674273992
Cluster_8,8,0.11568121567014185,0.11687201756494156
Cluster_8,9,0.26624779966378054,0.00024912205939081
Cluster_8,10,0.2564707610624137,0.000425304447187361
Cluster_8,11,0.3411520264826851,2.013533744935277e-06
Cluster_8,12,-0.15915525326224272,0.03047317209490148
Cluster_9,0,-0.003727563716037229,0.9813085558187405
Cluster_9,1,0.08014261989480041,0.6138945537940039
Cluster_9,2,0.14505084895014433,0.35939004126428953
Cluster_9,3,0.14715773278964364,0.35237796961071666
Cluster_9,4,0.21425387967831375,0.1730391895391554
Cluster_9,5,0.2172521374499089,0.1669606961300865
Cluster_9,6,0.2634415139312398,0.09185439817910113
Cluster_9,7,0.24415542340043847,0.11917545366917223
Cluster_9,8,0.13864916343781952,0.3812080855103387
Cluster_9,9,0.08751671333304799,0.5815542201180308
Cluster_9,10,0.1744661887093077,0.2691380688228004
Cluster_9,11,0.1541266562587567,0.3297833690308023
Cluster_9,12,-0.3567926748198243,0.020372335284426397
Cluster_10,0,-0.39051831673297677,0.039916504275729285
Cluster_10,1,-0.6108528617528459,0.0005551330471477512
Cluster_10,2,-0.6135933411685158,0.0005157574763591778
Cluster_10,3,-0.6182521561751549,0.00045441144183633314
Cluster_10,4,-0.5552211296147446,0.0021630747024045495
Cluster_10,5,-0.44231337768914003,0.018431798627290507
Cluster_10,6,-0.36256542669314273,0.05794165739674676
Cluster_10,7,-0.3154291807436185,0.10203940833917272
Cluster_10,8,-0.0002740479415670013,0.9988957223849708
Cluster_10,9,0.18388616879145786,0.34891660999822816
Cluster_10,10,0.32830943399726753,0.08806532769423094
Cluster_10,11,0.5404225407701265,0.00298908139704979
Cluster_10,12,-0.31844370810085554,0.098629139283907
Cluster_11,0,-0.13180431986538352,0.4574522061106743
Cluster_11,1,-0.0529052142383094,0.7663465546737349
Cluster_11,2,0.01483180861594223,0.9336502513383574
Cluster_11,3,-0.01162079850321247,0.9479925604758562
Cluster_11,4,0.0036697258431197277,0.9835666140686381
Cluster_11,5,-0.06651378090654506,0.708593172376536
Cluster_11,6,-0.2750765329905162,0.11536942355061786
Cluster_11,7,-0.1732416408439438,0.32717783682445745
Cluster_11,8,-0.08241592622673052,0.6430935413524594
Cluster_11,9,-0.08883794645219006,0.6173399993131959
Cluster_11,10,-0.05993885543762221,0.7363198979775034
Cluster_11,11,0.018960250189451924,0.9152408500711822
Cluster_11,12,0.08776760974794681,0.6216023398524694
Cluster_12,0,-0.09096971380939152,0.48940171140893673
Cluster_12,1,-0.19327590997499308,0.13897826600958366
Cluster_12,2,-0.2058905251458739,0.114511970425465
Cluster_12,3,-0.13103639899972216,0.31829717871333757
Cluster_12,4,-0.08374548485690471,0.5246702558755765
Cluster_12,5,-0.03667685468185608,0.7808473111899538
Cluster_12,6,-0.0002778549597110309,0.99831887490005
Cluster_12,7,0.14531814392886916,0.26792925718531196
Cluster_12,8,0.2336204501250348,0.07241521151860858
Cluster_12,9,0.2811892192275633,0.029526603282093142
Cluster_12,10,0.28157821617115875,0.02929290037776956
Cluster_12,11,0.3210336204501251,0.012384620587935853
Cluster_12,12,-0.1279244234509586,0.330025088567907
Cluster_13,0,-0.032060400481453116,0.8484624603426111
Cluster_13,1,-0.1953167742641427,0.23993344179875042
Cluster_13,2,-0.2132618448407922,0.19859399723411578
Cluster_13,3,-0.22420396104606627,0.17598604091478667
Cluster_13,4,-0.2765072765072765,0.09285826207329159
Cluster_13,5,-0.17671517671517672,0.28853693504905004
Cluster_13,6,-0.18984571616150564,0.2536147390651332
Cluster_13,7,-0.03906335485282854,0.8158798954120041
Cluster_13,8,-0.05109968267863005,0.7606128544232551
Cluster_13,9,0.10296531349162928,0.5384514215230425
Cluster_13,10,-0.028777765619870888,0.8638247904543573
Cluster_13,11,0.00010942116205274099,0.9994797919617004
Cluster_13,12,0.03643724696356275,0.8280657322185684
Cluster_14,0,0.10454785827604442,0.4226378654979108
Cluster_14,1,0.008619777895293494,0.9474327169889482
Cluster_14,2,0.07530407191961924,0.5640771720134644
Cluster_14,3,0.05452141723955579,0.6764391569348622
Cluster_14,4,0.02564780539397144,0.8444505829753308
Cluster_14,5,-0.001586462189317821,0.9903184416685054
Cluster_14,6,-0.008514013749338972,0.9480768209183006
Cluster_14,7,-0.039555790586991005,0.7621430680357797
Cluster_14,8,-0.17588577472236908,0.1751342599881915
Cluster_14,9,-0.1838180856689582,0.1561673994375564
Cluster_14,10,-0.1929666842940243,0.13622890559584533
Cluster_14,11,-0.2031729243786356,0.11631467184320113
Cluster_14,12,-0.01723955579058699,0.8950875390719437
Cluster_15,0,-0.19198717948717947,0.12856052299827905
Cluster_15,1,-0.2284340659340659,0.06944067360969507
Cluster_15,2,-0.231043956043956,0.06623034092590262
Cluster_15,3,-0.16620879120879117,0.18931273729415468
Cluster_15,4,0.009844322344322342,0.9384610766591326
Cluster_15,5,0.04107142857142857,0.7472772802750498
Cluster_15,6,-0.04194139194139194,0.7421081221044297
Cluster_15,7,-0.08992673992673991,0.479772476749722
Cluster_15,8,-0.023305860805860803,0.8549573409091362
Cluster_15,9,0.04395604395604395,0.7301812705469564
Cluster_15,10,0.06034798534798534,0.6357133284343295
Cluster_15,11,0.11781135531135531,0.353849017908503
Cluster_15,12,-0.14468864468864467,0.2539905232122134
Cluster_16,0,-0.17931738931351487,0.09458869990568738
Cluster_16,1,-0.2424359832341235,0.02285809897467241
Cluster_16,2,-0.1858687612271495,0.0829507765825442
Cluster_16,3,-0.13921665316473533,0.19580206603394307
Cluster_16,4,-0.13808953541615304,0.19948180927582798
Cluster_16,5,-0.13160860836180482,0.22160547292774607
Cluster_16,6,-0.144799408263182,0.17829519047974182
Cluster_16,7,-0.10771018984889578,0.31785591744029174
Cluster_16,8,-0.03666654925856786,0.7344901549395848
Cluster_16,9,-0.004490859779507591,0.9668766909327879
Cluster_16,10,0.002483181289845374,0.9816811684591764
Cluster_16,11,0.058891902363425036,0.5857333854960508
Cluster_16,12,-0.05632066499947167,0.6022313606842802
Cluster_17,0,0.06732348111658455,0.7335650843023231
Cluster_17,1,-0.1111111111111111,0.5735119825115527
Cluster_17,2,-0.07389162561576354,0.7086403177420715
Cluster_17,3,-0.20251778872468526,0.30135846470025585
Cluster_17,4,-0.21072796934865898,0.2817601500342116
Cluster_17,5,0.02736726874657909,0.8900529733795477
Cluster_17,6,0.12370005473453749,0.5305724838850181
Cluster_17,7,0.17733990147783252,0.3666340153024128
Cluster_17,8,0.22170521625437822,0.2568581924551579
Cluster_17,9,0.2227695675971538,0.25452275385813794
Cluster_17,10,0.19321291735084836,0.32457628908118874
Cluster_17,11,0.1718664477285167,0.38184497951675267
Cluster_17,12,0.06732348111658455,0.7335650843023231
Cluster_18,0,-0.09265453023918784,0.35432832459264196
Cluster_18,1,-0.08726014345484845,0.3831604383597078
Cluster_18,2,-0.12386167978087449,0.2148619583249545
Cluster_18,3,-0.13588878742268778,0.17325431657548512
Cluster_18,4,-0.09875007421562164,0.32342143598145257
Cluster_18,5,-0.08588610153808277,0.3907245492097271
Cluster_18,6,-0.07455449659487925,0.45644047864860093
Cluster_18,7,-0.058410917696253534,0.5597929549541949
Cluster_18,8,0.0351483315004755,0.7258027960383654
Cluster_18,9,0.0418149793188572,0.6764674765597165
Cluster_18,10,0.041696234955679916,0.6773351011643332
Cluster_18,11,-0.006870209583828465,0.9453626512498505
Cluster_18,12,-0.0177211825808382,0.8596786470966113
Cluster_19,0,-0.02639589325560099,0.7719646034533005
Cluster_19,1,0.04220892288245992,0.6429726404939222
Cluster_19,2,0.025196373063677755,0.7820626903881517
Cluster_19,3,0.011601810888547807,0.8986548355746049
Cluster_19,4,0.07364796017077041,0.41819554575793205
Cluster_19,5,0.11868800866750076,0.1910428352160575
Cluster_19,6,0.1551443938553611,0.08662847096427756
Cluster_19,7,0.18464227212340872,0.04090544243456595
Cluster_19,8,0.2246133804542699,0.012502006612266118
Cluster_19,9,0.18717029317305336,0.038174040701371446
Cluster_19,10,0.2140563129586875,0.017435887337972942
Cluster_19,11,0.21460448078832986,0.017143355747982838
Cluster_19,12,-0.10649933574957114,0.24103146006772402
Cluster_20,0,0.33498023715415026,0.11818082467219845
Cluster_20,1,0.25790513833992096,0.2347842514259735
Cluster_20,2,0.3003952569169961,0.16370505793172208
Cluster_20,3,0.3053359683794466,0.15654806135999536
Cluster_20,4,0.21541501976284588,0.32357621730698916
Cluster_20,5,0.17490118577075098,0.42475381171610027
Cluster_20,6,0.22826086956521738,0.29483984718700545
Cluster_20,7,0.2440711462450593,0.2617235917853156
Cluster_20,8,0.2717391304347826,0.20973141942466692
Cluster_20,9,0.12648221343873517,0.5652386723187266
Cluster_20,10,0.12351778656126483,0.5744611041376417
Cluster_20,11,0.022727272727272724,0.9180179452970288
Cluster_20,12,-0.01482213438735178,0.9464831976960981
Cluster_21,0,-0.14829210456346745,0.33096620913674835
Cluster_21,1,-0.0575117757813892,0.7074707674662692
Cluster_21,2,-0.022728021356906384,0.8821905547456103
Cluster_21,3,0.022266873097490893,0.8845645655291617
Cluster_21,4,-0.015876675788447647,0.917555531128705
Cluster_21,5,-0.0032280378159084437,0.9832097470304642
Cluster_21,6,-0.025494910913399334,0.8679686285962892
Cluster_21,7,-0.0028986462020402348,0.9849228302435449
Cluster_21,8,0.08900161406718994,0.5609736665844092
Cluster_21,9,0.0908462071048519,0.5528497957785325
Cluster_21,10,0.06363845979933788,0.6779163298815587
Cluster_21,11,0.10514180314673213,0.4918470794799411
Cluster_21,12,-0.09348134001579757,0.5413417449087987
Cluster_22,0,-0.21815286735532136,7.32365365952933e-05
Cluster_22,1,-0.17316728715501725,0.0017273770710744983
Cluster_22,2,-0.15421250415115448,0.005334991225094959
Cluster_22,3,-0.11752398930313043,0.03418564676570689
Cluster_22,4,-0.041703459004072505,0.45370709760510586
Cluster_22,5,0.07761138202855995,0.16275231322433573
Cluster_22,6,0.041182598360512475,0.4593708504654336
Cluster_22,7,0.04979252966983029,0.37092389607496634
Cluster_22,8,0.15974306538723718,0.003885928553750125
Cluster_22,9,0.1477520843165015,0.007629642698466194
Cluster_22,10,0.204257773582927,0.00020949640074975393
Cluster_22,11,0.21972593641305302,6.474064418265102e-05
Cluster_22,12,-0.09240592173107512,0.09630988687919728
Cluster_23,0,-0.23921683226183524,0.06804063235516081
Cluster_23,1,-0.03775569842197546,0.7764845454587176
Cluster_23,2,-0.022384570426651085,0.8663619461874437
Cluster_23,3,0.004500292226767972,0.9730143501206434
Cluster_23,4,0.13956750438340151,0.29175862766022137
Cluster_23,5,0.2245470485096435,0.08730570612960134
Cluster_23,6,0.15254237288135594,0.24874808666645123
Cluster_23,7,0.1936294564582116,0.14171884612037874
Cluster_23,8,0.13459964932787843,0.30944231885465195
Cluster_23,9,0.14330800701344246,0.27888904498269795
Cluster_23,10,0.2066627703097604,0.11631073418470998
Cluster_23,11,0.2251899473991818,0.08638015652402699
Cluster_23,12,0.056165984804208084,0.6726438745823238
Cluster_24,0,-0.2241732513901083,0.0089543829934167
Cluster_24,1,-0.2366891035020974,0.005711638882895496
Cluster_24,2,-0.22093454297141749,0.01002228172518553
Cluster_24,3,-0.21476929080089752,0.012368566618760271
Cluster_24,4,-0.17835333138230416,0.03848674121283283
Cluster_24,5,-0.08593307969954153,0.32168451905238726
Cluster_24,6,-0.14043995707735832,0.10423638546820921
Cluster_24,7,-0.07837284167398303,0.366242987547135
Cluster_24,8,0.12937274412252464,0.1347866559965423
Cluster_24,9,0.12260267290996002,0.15659461254545215
Cluster_24,10,0.1268510389230319,0.14262110656218555
Cluster_24,11,0.14479562969466395,0.09382223798521735
Cluster_24,12,-0.20049263486489124,0.01972289118650742
Cluster_25,0,-0.17970150076738564,9.430063382489893e-05
Cluster_25,1,-0.18402833989493428,6.32234129402215e-05
Cluster_25,2,-0.1624704940040706,0.000423393304674677
Cluster_25,3,-0.15396751224011337,0.0008430010609324861
Cluster_25,4,-0.07142200696620746,0.1232498480045986
Cluster_25,5,-0.06081976063411764,0.18951384792380932
Cluster_25,6,-0.07782702022255009,0.09297724264365309
Cluster_25,7,-0.11824808436364254,0.01054297125795008
Cluster_25,8,-0.031848330756529375,0.49234872493018467
Cluster_25,9,0.0001886357172127912,0.9967561872119876
Cluster_25,10,0.006312639488513251,0.8917793385249506
Cluster_25,11,0.07087306642498674,0.12616554804793034
Cluster_25,12,-0.11840108190422288,0.010442381834180454
Cluster_26,0,-0.12743221662215154,0.1672525982126852
Cluster_26,1,-0.09078495012290085,0.3261378130456506
Cluster_26,2,-0.09032561302822505,0.32860167272089746
Cluster_26,3,-0.06750830990665505,0.4657030483893313
Cluster_26,4,-0.1594754299166285,0.08319983119914821
Cluster_26,5,-0.17592966801350352,0.05563749950125563
Cluster_26,6,-0.26806770415172837,0.0032030002751990074
Cluster_26,7,-0.29434249811771857,0.0011568919318148034
Cluster_26,8,-0.2433418375980171,0.007659155304554207
Cluster_26,9,-0.07576925610547565,0.4127871167371585
Cluster_26,10,-0.062473405628580767,0.4996944077152151
Cluster_26,11,-0.07490399320620263,0.4181588933120691
Cluster_26,12,-0.009343415011079848,0.9196687633943136
Cluster_27,0,-0.06793338872232056,0.5153187618915482
Cluster_27,1,-0.14954304085539863,0.15027031481124922
Cluster_27,2,-0.18316656431745115,0.07721362858973617
Cluster_27,3,-0.23915760575082182,0.020260328411376562
Cluster_27,4,-0.24424375970812412,0.017673103541210294
Cluster_27,5,-0.2492576671603511,0.015406574963808177
Cluster_27,6,-0.21849510529928115,0.034372101425119525
Cluster_27,7,-0.17610085612108514,0.08954314800180033
Cluster_27,8,-0.12470469241050464,0.23108797700139083
Cluster_27,9,-0.1738756637647654,0.09373350220167065
Cluster_27,10,-0.13135137087743382,0.20697219570974545
Cluster_27,11,-0.00885019687172633,0.9325321669474986
Cluster_27,12,-0.013950800130043708,0.8938337431063915
Cluster_28,0,-0.13989118953954016,0.01657014546173414
Cluster_28,1,-0.18062116613441395,0.0019086535323583503
Cluster_28,2,-0.1353461296623002,0.020475254007525794
Cluster_28,3,-0.16882366579807856,0.003752220681880742
Cluster_28,4,-0.15039248669686212,0.00993799744427321
Cluster_28,5,-0.155665557634527,0.007597171584828195
Cluster_28,6,-0.13147755712692297,0.024405053917499593
Cluster_28,7,-0.1110713021474895,0.057566162420373636
Cluster_28,8,0.03139845867750064,0.5924495935284336
Cluster_28,9,0.07177969602914334,0.22057555180676455
Cluster_28,10,0.04221032936060019,0.4716747470157411
Cluster_28,11,0.0682837163104056,0.24394082763739106
Cluster_28,12,-0.21678556877891653,0.00018440513556422638
Cluster_29,0,-0.0343046357615894,0.6758282470932584
Cluster_29,1,-0.053973509933774824,0.5104056387243692
Cluster_29,2,-0.029031021261763677,0.7234518122943672
Cluster_29,3,-0.05839316835134192,0.4763455324761252
Cluster_29,4,-0.0067898222377134896,0.9340564070011685
Cluster_29,5,0.0012791913558731264,0.9875627998187146
Cluster_29,6,-0.02586964098989195,0.7525318944883127
Cluster_29,7,-0.06422098292087834,0.43338520791183
Cluster_29,8,0.03575461833391425,0.6629466523881504
Cluster_29,9,0.06815266643429767,0.4057013696495576
Cluster_29,10,0.11442314395259673,0.16182191284947128
Cluster_29,11,0.144046706169397,0.07763418714143278
Cluster_29,12,-0.1977901707912164,0.014916947883691398
Cluster_30,0,-0.04283668049297245,0.6834923743511873
Cluster_30,1,-0.016024588940944762,0.878827875938113
Cluster_30,2,-0.04071797320282891,0.6983713247074166
Cluster_30,3,-0.02021724209960908,0.8474674477577194
Cluster_30,4,0.00802721494434663,0.939127994868274
Cluster_30,5,-0.006848497508280861,0.9480529483917141
Cluster_30,6,0.008847841007430395,0.932918790098664
Cluster_30,7,0.008773238638059145,0.9334831030503872
Cluster_30,8,-0.024812748052878152,0.8133662917267609
Cluster_30,9,-0.06482945898361732,0.5369794364755306
Cluster_30,10,-0.05872698516904896,0.576048528783742
Cluster_30,11,-0.051460714392289095,0.6242173688640875
Cluster_30,12,-0.07234937781623943,0.490710173110379
Cluster_31,0,0.012401312549570517,0.8348806082476583
Cluster_31,1,-0.05981016759371095,0.3143312245543053
Cluster_31,2,-0.04231572726754343,0.4767429005500392
Cluster_31,3,-0.03439273846983261,0.5631050434801637
Cluster_31,4,-0.056101126449532676,0.34533468068576934
Cluster_31,5,-0.06422887712732042,0.27984879485372394
Cluster_31,6,-0.031174607453332434,0.600207316708259
Cluster_31,7,0.041882876204596,0.4812671411698529
Cluster_31,8,0.13346845889470055,0.02423422688125854
Cluster_31,9,0.14330843359753662,0.015469258374120073
Cluster_31,10,0.13152399861072953,0.02640003404230719
Cluster_31,11,0.12204067244838185,0.03950082183557524
Cluster_31,12,0.01779717687797747,0.7648224021691882
Cluster_32,0,0.07863136582242602,0.19196439214847633
Cluster_32,1,0.19183259576611192,0.0013359646435654466
Cluster_32,2,0.20073139416578492,0.0007794475379664525
Cluster_32,3,0.19218491162179344,0.0013083396325424327
Cluster_32,4,0.22921251760167755,0.00011861398901504622
Cluster_32,5,0.22009408640094671,0.00022258182391969477
Cluster_32,6,0.210748682485498,0.00041330280640236073
Cluster_32,7,0.21894623682626652,0.00024050233817216328
Cluster_32,8,0.1979382747137716,0.0009253741636260841
Cluster_32,9,0.13953796937336332,0.020165723421970795
Cluster_32,10,0.11665098936390049,0.052464127987471264
Cluster_32,11,0.05376599677721328,0.37269156441542317
Cluster_32,12,0.12677782967474002,0.03494639893347876
Cluster_33,0,-0.11756904657849629,0.08770361206011064
Cluster_33,1,-0.13331981516209843,0.052580447164023915
Cluster_33,2,-0.09505121581676414,0.16792306670954166
Cluster_33,3,-0.12450487598757169,0.0704282766889163
Cluster_33,4,-0.024734474989074207,0.7202947171912788
Cluster_33,5,0.013963599175307592,0.8398222228011298
Cluster_33,6,0.017786051010525283,0.7968251701659154
Cluster_33,7,-0.01376208606373104,0.8421033787239758
Cluster_33,8,0.009246932907468957,0.8935257579883147
Cluster_33,9,0.00970915360714767,0.8882373659180232
Cluster_33,10,0.029919659241328323,0.6648998412757795
Cluster_33,11,0.0849755602379366,0.21788271220217525
Cluster_33,12,-0.10892539354880963,0.11380727415569153
Cluster_34,0,-0.0624722806321842,0.47669969100903165
Cluster_34,1,-0.04852519918811602,0.5805817659919216
Cluster_34,2,-0.041335121286909145,0.6379344908848901
Cluster_34,3,-0.04014547124229727,0.6476467836403383
Cluster_34,4,0.006840487756518289,0.9379516448701971
Cluster_34,5,-0.005948250223059383,0.9460317818003382
Cluster_34,6,0.01107731159960971,0.899682843827506
Cluster_34,7,-0.02929774123024424,0.7387753817466396
Cluster_34,8,0.08039529775166576,0.35947242956826764
Cluster_34,9,0.14042566513438348,0.10827582073951662
Cluster_34,10,0.1692172833193323,0.05241866963711012
Cluster_34,11,0.23984492807313215,0.005606478767915627
Cluster_34,12,-0.12330618357135029,0.15895722312312305
Cluster_35,0,-0.1855476163386051,0.0003032160161560851
Cluster_35,1,-0.15985413585163274,0.0019013807188012024
Cluster_35,2,-0.14808920241210605,0.004052782605546554
Cluster_35,3,-0.10885629764478326,0.035098402561396624
Cluster_35,4,-0.11450176356809648,0.026608636176582795
Cluster_35,5,-0.07142996927978155,0.16746927033376416
Cluster_35,6,-0.11770212765957448,0.02263072190399887
Cluster_35,7,-0.1112306291955854,0.0312819612420112
Cluster_35,8,-0.01592786437592445,0.7585149154673356
Cluster_35,9,0.004593696666287405,0.9293520881023016
Cluster_35,10,0.07435316873364434,0.15071065329434705
Cluster_35,11,0.10222664694504494,0.04790763572433729
Cluster_35,12,-0.02909614290590511,0.5743325076250527
Cluster_36,0,-0.44307369779067896,0.0008920759693202182
Cluster_36,1,-0.41388485728108365,0.0020650720241781064
Cluster_36,2,-0.3730043541364296,0.005944889786963274
Cluster_36,3,-0.3221254636348976,0.01865929075846048
Cluster_36,4,-0.44847605224963716,0.0007573962672720665
Cluster_36,5,-0.39195291082083533,0.0037015165368986173
Cluster_36,6,-0.467908401870666,0.00041094516763337367
Cluster_36,7,-0.48895339461377196,0.0002031798599742194
Cluster_36,8,0.028543783260764392,0.8392225227166132
Cluster_36,9,0.2695532978551846,0.05095243967058977
Cluster_36,10,0.12699564586357037,0.3648444003460223
Cluster_36,11,0.3240606353813901,0.017922648100473716
Cluster_36,12,-0.20746653765521691,0.13605711217459257
Cluster_37,0,-0.10062851669562262,0.021107877558613267
Cluster_37,1,-0.12591829034170773,0.003855072485872025
Cluster_37,2,-0.10680338846710424,0.014351352505401694
Cluster_37,3,-0.09133834499172785,0.036419640696169625
Cluster_37,4,-0.13950118380734,0.0013532695993554746
Cluster_37,5,-0.0949457438912639,0.029614320004437002
Cluster_37,6,-0.10805212898731606,0.013243980947781798
Cluster_37,7,-0.08912920707713615,0.04121075929825352
Cluster_37,8,0.0017718548249996892,0.9676932654434802
Cluster_37,9,-0.0062592931986018225,0.8862285963071486
Cluster_37,10,0.032243843579866566,0.4609824925533077
Cluster_37,11,0.04265214308519681,0.32936293923726334
Cluster_37,12,-0.014168038445750113,0.7460341696666499
Cluster_38,0,0.10288935870331219,0.5062997778000515
Cluster_38,1,0.23706835799859058,0.12127501260317158
Cluster_38,2,0.17406624383368566,0.2584602139199864
Cluster_38,3,0.18872445384073291,0.21986822627050318
Cluster_38,4,0.1751937984496124,0.2553405132311764
Cluster_38,5,0.08513037350246652,0.5827079629829438
Cluster_38,6,0.07075405214940098,0.6481089768854542
Cluster_38,7,0.12121212121212122,0.43316925318888844
Cluster_38,8,0.06582100070472163,0.6712020807325716
Cluster_38,9,-0.11346018322762508,0.46336551945158
Cluster_38,10,-0.08949964763918251,0.5634369240263081
Cluster_38,11,-0.14390415785764624,0.35136999090922627
Cluster_38,12,0.37660324171952075,0.011744834973281047
Cluster_39,0,-0.04538407329105003,0.7698829005675731
Cluster_39,1,0.11486962649753346,0.45779271411451716
Cluster_39,2,0.13925299506694852,0.36731647703528947
Cluster_39,3,0.059055673009161376,0.7033617720715124
Cluster_39,4,0.07188160676532769,0.6428750757322952
Cluster_39,5,0.1007751937984496,0.5151219482783225
Cluster_39,6,0.018604651162790697,0.9045886460179753
Cluster_39,7,0.15715292459478505,0.3083110245051771
Cluster_39,8,0.14869626497533472,0.33539007679663746
Cluster_39,9,0.3028893587033122,0.04566021307961595
Cluster_39,10,0.25384073291050036,0.09637777820032879
Cluster_39,11,0.23537702607470048,0.12403229146467379
Cluster_39,12,0.09372797744890768,0.5450744687753097
Cluster_40,0,-0.10086956521739131,0.6390859319090778
Cluster_40,1,-0.3313043478260869,0.11377549347480266
Cluster_40,2,-0.32695652173913037,0.11888708485840495
Cluster_40,3,-0.3026086956521739,0.15063640962783909
Cluster_40,4,-0.3208695652173913,0.12632163923076095
Cluster_40,5,-0.3991304347826086,0.05334496241225273
Cluster_40,6,-0.34347826086956523,0.10032049069469841
Cluster_40,7,-0.15826086956521737,0.460148912728106
Cluster_40,8,-0.04608695652173912,0.8306723439322352
Cluster_40,9,-0.04608695652173912,0.8306723439322352
Cluster_40,10,-0.03130434782608695,0.884546955655295
Cluster_40,11,0.013913043478260868,0.9485530177017847
Cluster_40,12,-0.041739130434782605,0.8464521133997218
Cluster_41,0,0.4319567934541653,0.00479995697044581
Cluster_41,1,0.37044781883160777,0.01711705663353755
Cluster_41,2,0.3626067314151344,0.01980971261760871
Cluster_41,3,0.2951733796334635,0.060989948638750284
Cluster_41,4,0.1845269238676729,0.24810669167584873
Cluster_41,5,-0.06586513429837618,0.6824333276170662
Cluster_41,6,0.01916710257360153,0.9053191630696487
Cluster_41,7,0.1087297455084305,0.4986026443492485
Cluster_41,8,-0.24690713042539428,0.11963907041941402
Cluster_41,9,-0.06464540958914698,0.688013710006824
Cluster_41,10,-0.22983098449618564,0.1483012531706648
Cluster_41,11,-0.36713713747798565,0.01821372486475881
Cluster_41,12,0.3279317003956189,0.036338327840091
Cluster_42,0,-0.4094143404488232,0.030503481953161417
Cluster_42,1,-0.21182266009852216,0.2792100165210172
Cluster_42,2,-0.2731253420908593,0.15964828536673217
Cluster_42,3,-0.17843459222769564,0.3636350985416026
Cluster_42,4,0.06075533661740558,0.7587569748353266
Cluster_42,5,0.31253420908593316,0.10539680055946204
Cluster_42,6,0.23316912972085385,0.23243548858674346
Cluster_42,7,0.157088122605364,0.4246910115953333
Cluster_42,8,0.06622879036672139,0.7377458166496891
Cluster_42,9,0.06622879036672139,0.7377458166496891
Cluster_42,10,0.2233169129720854,0.25332717765559404
Cluster_42,11,0.2194854953475643,0.2617736838341756
Cluster_42,12,-0.18226600985221672,0.3532531226103417
Cluster_43,0,-0.13267973216261206,0.00022243921632172478
Cluster_43,1,-0.09397251536873968,0.009076188457685203
Cluster_43,2,-0.08119287875907469,0.02425463982728131
Cluster_43,3,-0.07321370545873862,0.04225259835562059
Cluster_43,4,-0.051130440451049856,0.15635597024659606
Cluster_43,5,-0.003202748686549469,0.9292976700979436
Cluster_43,6,-0.026099629373374143,0.4695681182199849
Cluster_43,7,-0.011057607111709992,0.7593404365527037
Cluster_43,8,0.08050993902445837,0.02547924531302766
Cluster_43,9,0.10448082931625659,0.0037024145262430598
Cluster_43,10,0.11418521316665857,0.0015048359127243674
Cluster_43,11,0.15755154460836202,1.1219135877724629e-05
Cluster_43,12,-0.11613527921128373,0.0012452068701832213
Cluster_44,0,0.0657427897696354,0.42568520324616177
Cluster_44,1,0.2055323780155995,0.011916074555341482
Cluster_44,2,0.21822963903500817,0.007501881842628463
Cluster_44,3,0.2310901505532378,0.0045747769315298515
Cluster_44,4,0.2442735352802467,0.0026799765022350553
Cluster_44,5,0.15517141302376203,0.05880898258263941
Cluster_44,6,0.11973154362416107,0.14582473652013248
Cluster_44,7,0.06772356248866317,0.4118444661888129
Cluster_44,8,-0.034126609831307816,0.6794743819714391
Cluster_44,9,-0.0027752584799564666,0.9732032116486449
Cluster_44,10,0.05711953564302558,0.48898378558187494
Cluster_44,11,0.06295664792309087,0.4456012427883126
Cluster_44,12,-0.021871939053147108,0.7911910787532038
Cluster_45,0,-0.11486962649753346,0.45779271411451716
Cluster_45,1,-0.19591261451726566,0.2024796621317721
Cluster_45,2,-0.21240310077519378,0.16629251082766683
Cluster_45,3,-0.2229739252995067,0.1457107455584559
Cluster_45,4,-0.08766737138830162,0.5714822152261267
Cluster_45,5,-0.10894996476391824,0.48144080958006175
Cluster_45,6,-0.09372797744890768,0.5450744687753097
Cluster_45,7,-0.10049330514446793,0.5163040225972533
Cluster_45,8,-0.07723749119097956,0.6182502057374929
Cluster_45,9,-0.061592670894996475,0.6912382086091478
Cluster_45,10,-0.1613812544045102,0.29530993722089394
Cluster_45,11,-0.07399577167019028,0.6331075764372891
Cluster_45,12,0.07075405214940098,0.6481089768854542
Cluster_46,0,-0.1708064339643287,0.30521795110383343
Cluster_46,1,-0.14301345880293248,0.39168822145884474
Cluster_46,2,-0.19422256264361526,0.2426290119027708
Cluster_46,3,-0.1270379691432323,0.4472295549000814
Cluster_46,4,-0.1985994091257249,0.2319683278262761
Cluster_46,5,0.032716927453769556,0.8453964116010451
Cluster_46,6,-0.07342159973738921,0.6613326005347502
Cluster_46,7,0.029215450268081845,0.8617735021788939
Cluster_46,8,0.20516467884888936,0.2165821742110706
Cluster_46,9,0.22464164569427728,0.17512167693826455
Cluster_46,10,0.09071014334172228,0.5880842408052304
Cluster_46,11,0.11543932596564176,0.4900954777804226
Cluster_46,12,-0.00886311412627202,0.9578818959285038
Cluster_47,0,-0.3565811965811965,0.0737600435132291
Cluster_47,1,-0.15965811965811963,0.43593324205666106
Cluster_47,2,-0.21572649572649572,0.289863561574331
Cluster_47,3,-0.0441025641025641,0.8306065333332748
Cluster_47,4,-0.187008547008547,0.3603125676946046
Cluster_47,5,-0.1917948717948718,0.34792461627330895
Cluster_47,6,-0.21777777777777776,0.2851898367049421
Cluster_47,7,-0.07213675213675212,0.726193634859796
Cluster_47,8,-0.0947008547008547,0.6453946121392031
Cluster_47,9,-0.05777777777777777,0.7792052599569443
Cluster_47,10,0.05709401709401708,0.7817558545613772
Cluster_47,11,0.033846153846153845,0.8696201004656646
Cluster_47,12,0.3558974358974359,0.0743544673214977
Cluster_48,0,-0.0039008332375448473,0.9502820025937438
Cluster_48,1,0.01403426514276211,0.822492664107579
Cluster_48,2,0.03094637743085847,0.6207573507193469
Cluster_48,3,0.028632081025529582,0.6471248689932683
Cluster_48,4,-0.005041211176402561,0.9357750490695896
Cluster_48,5,0.01099675111076794,0.8604655303164572
Cluster_48,6,-0.011896755268395842,0.8491766865975002
Cluster_48,7,0.013468268739284936,0.8295398783209256
Cluster_48,8,0.030595599412901013,0.6247239564333555
Cluster_48,9,0.05481535415478045,0.3805686265430882
Cluster_48,10,0.037309295023529025,0.5507919639103674
Cluster_48,11,0.021537560674290378,0.7306172569839269
Cluster_48,12,-0.001912858215455265,0.9756077735946604
Cluster_49,0,0.014782608695652172,0.9453421257736343
Cluster_49,1,-0.025217391304347827,0.9068896173989752
Cluster_49,2,-0.03043478260869565,0.8877339355759605
Cluster_49,3,0.002608695652173913,0.9903476848039034
Cluster_49,4,-0.029565217391304344,0.8909226043767046
Cluster_49,5,-0.09304347826086956,0.6654325452454303
Cluster_49,6,-0.17478260869565218,0.41400702240858334
Cluster_49,7,-0.1695652173913043,0.42829525040358907
Cluster_49,8,-0.26086956521739124,0.21823795857184675
Cluster_49,9,-0.3660869565217391,0.07851394802456449
Cluster_49,10,-0.3408695652173913,0.10309920611122532
Cluster_49,11,-0.21043478260869564,0.3236466869695016
Cluster_49,12,0.12347826086956522,0.5654049951421966
Cluster_50,0,-0.04456793553764935,0.7352669283927045
Cluster_50,1,0.07629897193664908,0.5623041409921972
Cluster_50,2,0.029174770769658243,0.8248744212075443
Cluster_50,3,0.02850791886635177,0.8288161956836403
Cluster_50,4,-0.05640455682133927,0.6686088307602894
Cluster_50,5,-0.055515420950263974,0.673536140356787
Cluster_50,6,-0.09674909697138095,0.4621091366974228
Cluster_50,7,0.05879410947485413,0.6554358784269516
Cluster_50,8,0.19188663517643795,0.14189571345635363
Cluster_50,9,0.13375937760489026,0.3082561923893037
Cluster_50,10,0.11853292581272577,0.36704440581752695
Cluster_50,11,0.17010280633509312,0.1938113238249331
Cluster_50,12,-0.14448457904973608,0.27071333739668957
Cluster_51,0,-0.07436154913586068,0.6154508807249321
Cluster_51,1,-0.013786739766794606,0.925900479985704
Cluster_51,2,-0.011127093118869665,0.9401662258553647
Cluster_51,3,-0.007327597907548315,0.9605770139715626
Cluster_51,4,0.03593236899849618,0.8084215541241327
Cluster_51,5,-0.005536407307925394,0.9702087114847872
Cluster_51,6,0.07680408177171012,0.6038615955156926
Cluster_51,7,0.04407414445132764,0.7661228772688182
Cluster_51,8,0.18031318702870744,0.22004867763558686
Cluster_51,9,0.39389909640798615,0.005604936517939378
Cluster_51,10,0.3573696638762823,0.012644857910212401
Cluster_51,11,0.4118110024042153,0.0036356505819418227
Cluster_51,12,-0.31416397547325664,0.029659615549832364
Cluster_52,0,0.027255029201816997,0.8253845581649752
Cluster_52,1,-0.09371302057487498,0.44717973501124564
Cluster_52,2,-0.08367370309577432,0.49752456606885287
Cluster_52,3,-0.09245333435126159,0.45333702991366587
Cluster_52,4,0.06363324044737946,0.6061843603647128
Cluster_52,5,0.08787265717448561,0.47611660998060434
Cluster_52,6,0.13188533038134134,0.2836829598974815
Cluster_52,7,0.004618849486582432,0.9701803852906017
Cluster_52,8,0.04832614421498644,0.6955399318838362
Cluster_52,9,0.0772225827384815,0.5313651746524035
Cluster_52,10,0.0959651868534565,0.4362879366451192
Cluster_52,11,0.0415696453792419,0.7364317923172732
Cluster_52,12,-0.13936710310340877,0.257010313754942
Cluster_53,0,-0.09664654594232058,0.42267859048739753
Cluster_53,1,-0.006237424547283701,0.9588274476810206
Cluster_53,2,0.012977867203219313,0.9144582299674195
Cluster_53,3,0.021763916834339366,0.8570330643895061
Cluster_53,4,0.0176056338028169,0.8841378574580637
Cluster_53,5,0.06971830985915492,0.5634442181138757
Cluster_53,6,0.05533199195171025,0.6467287678184972
Cluster_53,7,0.08759221998658617,0.46761667530020046
Cluster_53,8,0.12287055667337357,0.3073382848860513
Cluster_53,9,0.07682763246143527,0.5242468321167929
Cluster_53,10,0.09584171696847753,0.4265699487854948
Cluster_53,11,0.15462776659959757,0.19790280603335966
Cluster_53,12,-0.0034540576794097914,0.9771932784009472
Cluster_54,0,-0.16403162055335968,0.45452868560296966
Cluster_54,1,0.06719367588932806,0.760653161138472
Cluster_54,2,0.012845849802371542,0.9536107425920655
Cluster_54,3,0.11660079051383401,0.5962323605575823
Cluster_54,4,0.16699604743083005,0.44630212952560666
Cluster_54,5,0.018774703557312256,0.9322405344278781
Cluster_54,6,0.06027667984189724,0.7846962247332138
Cluster_54,7,-0.07312252964426878,0.740213056160361
Cluster_54,8,-0.10276679841897234,0.6407815347518422
Cluster_54,9,-0.00691699604743083,0.9750119010915271
Cluster_54,10,0.0899209486166008,0.6832553329339466
Cluster_54,11,0.19762845849802374,0.36604918972941836
Cluster_54,12,-0.1650197628458498,0.4517777435536615
Cluster_55,0,-0.3018904880614682,0.0008478519484220272
Cluster_55,1,-0.23879470304441028,0.008912361633509887
Cluster_55,2,-0.16922162060955062,0.0657980342014093
Cluster_55,3,-0.165632222150428,0.07182616829765684
Cluster_55,4,-0.08248153227329362,0.37250510016524885
Cluster_55,5,0.0038137358628178263,0.9671651846024831
Cluster_55,6,-0.05446057543037893,0.5563573140265636
Cluster_55,7,-0.09736243320370215,0.29216091221770596
Cluster_55,8,-0.05816392304693405,0.5297887788184363
Cluster_55,9,-0.06682049810063166,0.4702704531466748
Cluster_55,10,0.026275963521692567,0.7766706753388231
Cluster_55,11,0.18906301764747865,0.03946788133046093
Cluster_55,12,-0.1773511808101231,0.053659244282614725
Cluster_56,0,-0.3420262664165104,0.030757958629672958
Cluster_56,1,-0.16341463414634147,0.31367280647229046
Cluster_56,2,-0.22157598499061917,0.1694162292582958
Cluster_56,3,-0.16754221388367735,0.30143728428623423
Cluster_56,4,-0.16716697936210134,0.30253682099350837
Cluster_56,5,-0.06378986866791746,0.6957616879149937
Cluster_56,6,-0.23227016885553473,0.14923675475210355
Cluster_56,7,-0.13208255159474674,0.4165377072868618
Cluster_56,8,-0.006191369606003753,0.9697544253255672
Cluster_56,9,-0.04052532833020639,0.8039184083687152
Cluster_56,10,0.015947467166979364,0.9221955644708746
Cluster_56,11,0.08386491557223266,0.6069045757736071
Cluster_56,12,0.050844277673545976,0.755365711609403
Cluster_57,0,-0.3786056049213944,0.00401127467295522
Cluster_57,1,-0.3286397812713602,0.01339994810453741
Cluster_57,2,-0.3196855775803144,0.01631693992113797
Cluster_57,3,-0.327136021872864,0.01385598299188955
Cluster_57,4,-0.161244019138756,0.23514389627437304
Cluster_57,5,-0.03684210526315789,0.7874877696406235
Cluster_57,6,-0.16951469583048528,0.2116712610700607
Cluster_57,7,-0.14955570745044433,0.27127484698750204
Cluster_57,8,0.12023239917976761,0.3774244378629923
Cluster_57,9,0.24805194805194808,0.06528391087244101
Cluster_57,10,0.18981544771018455,0.16115820190987976
Cluster_57,11,0.1276144907723855,0.3486144612848969
Cluster_57,12,-0.004101161995898839,0.9760684926189167
Cluster_58,0,-0.1231527093596059,0.5324069487120499
Cluster_58,1,-0.3234811165845649,0.09312246891180387
Cluster_58,2,-0.2320744389709907,0.23469812674277318
Cluster_58,3,-0.24849480021893816,0.20228319542207956
Cluster_58,4,-0.3442802408319649,0.07281307780914663
Cluster_58,5,-0.3864258347016967,0.04223232469840141
Cluster_58,6,-0.5446086480569239,0.0027317927226199693
Cluster_58,7,-0.475095785440613,0.010623127357175983
Cluster_58,8,-0.24411603721948552,0.21060937050524378
Cluster_58,9,-0.1647509578544061,0.40215385002100945
Cluster_58,10,-0.22769567597153803,0.24389512694805016
Cluster_58,11,-0.16365626710454295,0.4053314284696222
Cluster_58,12,0.24521072796934865,0.20850630427657757
Cluster_59,0,-0.33901764525539013,0.007029777304760565
Cluster_59,1,-0.43528968925316874,0.00040656381483717975
Cluster_59,2,-0.3899244482170622,0.0017315051469765188
Cluster_59,3,-0.30450882780982325,0.016112403403473495
Cluster_59,4,-0.14994962792223326,0.24472114515428162
Cluster_59,5,-0.007002519160487292,0.9569220832134087
Cluster_59,6,-0.09125944934692612,0.4805439685310128
Cluster_59,7,-0.07793451180772548,0.5471173605545285
Cluster_59,8,0.092619650910474,0.473999177100229
Cluster_59,9,0.14534005595687652,0.2596934079398895
Cluster_59,10,0.16093199610199033,0.21146220893457454
Cluster_59,11,0.20052897495194008,0.1181106213943809
Cluster_59,12,-0.07919395769989945,0.5406398823848024
Cluster_60,0,-0.19304347826086957,0.36611583497113953
Cluster_60,1,-0.10956521739130433,0.6103019785284629
Cluster_60,2,-0.05739130434782608,0.7899551413098405
Cluster_60,3,-0.07826086956521738,0.7162392905010877
Cluster_60,4,0.04521739130434782,0.8338234219848106
Cluster_60,5,0.11739130434782606,0.5848655143600632
Cluster_60,6,0.05652173913043478,0.7930697839291405
Cluster_60,7,0.11304347826086956,0.5989404349055967
Cluster_60,8,0.2791304347826086,0.18653796075704562
Cluster_60,9,0.45826086956521733,0.024318233006425286
Cluster_60,10,0.3426086956521739,0.10124049007057848
Cluster_60,11,0.33391304347826084,0.11078683255713417
Cluster_60,12,-0.07739130434782608,0.7192671455433247
Cluster_61,0,-0.06149732620320855,0.73387493109816
Cluster_61,1,-0.0731951871657754,0.6856206349165245
Cluster_61,2,-0.11597593582887701,0.520407937086603
Cluster_61,3,-0.08656417112299465,0.631938548223677
Cluster_61,4,-0.21758021390374332,0.22385304871533357
Cluster_61,5,-0.24264705882352944,0.17364331469691502
Cluster_61,6,-0.12767379679144386,0.4789104095323652
Cluster_61,7,-0.06985294117647059,0.699293354344076
Cluster_61,8,0.1002673796791444,0.5787679823624801
Cluster_61,9,0.2306149732620321,0.19663870569576514
Cluster_61,10,0.29445187165775405,0.09623543681874736
Cluster_61,11,0.3295454545454546,0.06109638028097804
Cluster_61,12,-0.1948529411764706,0.2771949906897657
Cluster_62,0,0.18476382488479265,0.14715208780639344
Cluster_62,1,0.0009120583717357911,0.994339637502845
Cluster_62,2,0.04848310291858679,0.7059219309545438
Cluster_62,3,-0.0019681259600614442,0.987785898878679
Cluster_62,4,-0.08966973886328726,0.48462145101595966
Cluster_62,5,-0.07642089093701998,0.5516449470582088
Cluster_62,6,0.01660906298003072,0.8971999338577944
Cluster_62,7,0.12644009216589863,0.3234168991534827
Cluster_62,8,0.11847158218125961,0.35508495426035347
Cluster_62,9,0.11947964669738863,0.350976622015449
Cluster_62,10,0.05261136712749616,0.68216441527022
Cluster_62,11,0.028225806451612906,0.8261882943274056
Cluster_62,12,0.11271121351766512,0.3791247980502631
Cluster_63,0,-0.3938076416337286,0.007439280796362285
Cluster_63,1,-0.4376811594202898,0.0026408729946712003
Cluster_63,2,-0.34176548089591563,0.02157377787749775
Cluster_63,3,-0.3264822134387351,0.02860794953385304
Cluster_63,4,-0.25441370223978915,0.09169752519314417
Cluster_63,5,-0.11897233201581027,0.4363315426363584
Cluster_63,6,-0.12147562582345191,0.4266701983749488
Cluster_63,7,-0.15006587615283265,0.32514949691877915
Cluster_63,8,-0.0303030303030303,0.8433549940188316
Cluster_63,9,0.08945981554677206,0.5589504836016497
Cluster_63,10,0.10500658761528325,0.49240726867558815
Cluster_63,11,0.33043478260869563,0.02662776933502905
Cluster_63,12,-0.26969696969696966,0.07319165616983414
Cluster_64,0,-0.06895488802922183,0.5136743327979183
Cluster_64,1,0.1383567344296657,0.18842182372113075
Cluster_64,2,0.10178320977759968,0.33432836825381074
Cluster_64,3,0.08558482191020761,0.4172699455046688
Cluster_64,4,0.055160827951851794,0.6014976836052737
Cluster_64,5,0.0587519072792565,0.5780027417074762
Cluster_64,6,0.0008476796695590525,0.9936014413099494
Cluster_64,7,-0.009925558312655087,0.9251860233920625
Cluster_64,8,-0.06098669913536674,0.5635991561866028
Cluster_64,9,-0.1512414654069633,0.15011781818517939
Cluster_64,10,0.04004130511844397,0.704714901717026
Cluster_64,11,-0.00853844612610391,0.935617235820237
Cluster_64,12,-0.0744879244177982,0.48038984466988055
Cluster_65,0,-0.15415019762845852,0.493384628947119
Cluster_65,1,0.003952569169960475,0.9860720320762009
Cluster_65,2,0.11349520045172222,0.6150373834928407
Cluster_65,3,0.023150762281197064,0.9185490835113286
Cluster_65,4,0.06719367588932806,0.766386220986654
Cluster_65,5,0.3754940711462451,0.08505436731083486
Cluster_65,6,0.29644268774703564,0.1803683737593558
Cluster_65,7,0.2603049124788256,0.24201079068326736
Cluster_65,8,0.11236589497459064,0.6185828298318784
Cluster_65,9,-0.005081874647092039,0.9820931607488159
Cluster_65,10,0.17108977978543197,0.4464902890766693
Cluster_65,11,0.0694522868435912,0.758755244688898
Cluster_65,12,0.012987012987012988,0.9542576793321902
Cluster_66,0,-0.23687423687423687,0.23419739324050937
Cluster_66,1,-0.14713064713064714,0.46396261662135463
Cluster_66,2,-0.17704517704517705,0.37700347881308105
Cluster_66,3,-0.1916971916971917,0.338124397419868
Cluster_66,4,-0.1575091575091575,0.43267025300922
Cluster_66,5,-0.05006105006105006,0.8041565865396063
Cluster_66,6,-0.13919413919413917,0.48866602545404514
Cluster_66,7,-0.23931623931623933,0.22926741975528095
Cluster_66,8,-0.020146520146520144,0.9205501746919
Cluster_66,9,-0.13553113553113552,0.5002876084628768
Cluster_66,10,-0.09829059829059829,0.625727186555085
Cluster_66,11,-0.03418803418803419,0.8655690206453507
Cluster_66,12,0.031135531135531136,0.8774784176509959
Cluster_67,0,-0.06227106227106227,0.7576573369099378
Cluster_67,1,-0.2222222222222222,0.26525215945804975
Cluster_67,2,-0.25213675213675213,0.20452501087921407
Cluster_67,3,-0.31318681318681324,0.1116822442398547
Cluster_67,4,-0.24542124542124538,0.21724737458064958
Cluster_67,5,-0.22405372405372403,0.26123149134747714
Cluster_67,6,-0.05555555555555555,0.7831411874225991
Cluster_67,7,0.026862026862026864,0.8941948368835395
Cluster_67,8,-0.05372405372405373,0.7901306090134299
Cluster_67,9,-0.10622710622710621,0.5979507533864252
Cluster_67,10,-0.163003663003663,0.4165805184187359
Cluster_67,11,-0.34493284493284493,0.07806120634640223
Cluster_67,12,-0.04884004884004883,0.808845322436204
Cluster_68,0,-0.4454545454545455,0.042999928742642864
Cluster_68,1,-0.24285714285714283,0.2888042543758534
Cluster_68,2,-0.33506493506493507,0.13760998567228216
Cluster_68,3,-0.1155844155844156,0.6178368603191975
Cluster_68,4,-0.04285714285714286,0.8536570982478849
Cluster_68,5,0.05584415584415584,0.8099992137199937
Cluster_68,6,0.04935064935064935,0.8317685534433151
Cluster_68,7,0.07272727272727272,0.7540636728389069
Cluster_68,8,0.13896103896103898,0.5480180624883648
Cluster_68,9,0.005194805194805195,0.9821704184352005
Cluster_68,10,-0.03506493506493507,0.8800592616595698
Cluster_68,11,0.1155844155844156,0.6178368603191975
Cluster_68,12,-0.24935064935064938,0.2756990797076051
Cluster_69,0,-0.16483516483516483,0.4112919013545322
Cluster_69,1,0.17704517704517705,0.37700347881308105
Cluster_69,2,0.1105006105006105,0.5832156945576857
Cluster_69,3,-0.09157509157509157,0.6496282407086063
Cluster_69,4,0.06532356532356533,0.746153261897503
Cluster_69,5,0.18315018315018314,0.3605001915341338
Cluster_69,6,0.14652014652014653,0.46583937920746443
Cluster_69,7,0.11477411477411475,0.5686417622422089
Cluster_69,8,0.25824175824175827,0.1934090697288512
Cluster_69,9,0.16788766788766787,0.4025612082305462
Cluster_69,10,0.06654456654456653,0.7415663079965014
Cluster_69,11,0.10561660561660562,0.6000686430690877
Cluster_69,12,0.012210012210012208,0.9518012000052667
Cluster_70,0,0.10564516129032257,0.5716506341346818
Cluster_70,1,-0.18185483870967745,0.3275245107693264
Cluster_70,2,-0.23548387096774195,0.20221622670700384
Cluster_70,3,-0.22137096774193551,0.23138080743046993
Cluster_70,4,-0.3209677419354839,0.07831409664073877
Cluster_70,5,-0.3524193548387097,0.051840976011999836
Cluster_70,6,-0.3217741935483871,0.07752551437477816
Cluster_70,7,-0.28750000000000003,0.11681827535084392
Cluster_70,8,-0.1967741935483871,0.2886959752534602
Cluster_70,9,-0.11693548387096775,0.5310072924025729
Cluster_70,10,-0.31532258064516133,0.08400850269553196
Cluster_70,11,-0.2612903225806452,0.1556593000996866
Cluster_70,12,0.05080645161290323,0.7860611857054489
Cluster_71,0,-0.11658456486042693,0.554653187273154
Cluster_71,1,-0.4220032840722496,0.02529418036498732
Cluster_71,2,-0.37055281882868085,0.052243318365689156
Cluster_71,3,-0.36672140120415986,0.05491902103338202
Cluster_71,4,-0.3475643130815544,0.06994581686235511
Cluster_71,5,-0.2523262178434592,0.1951853292308136
Cluster_71,6,-0.22879036672140118,0.24157387722865645
Cluster_71,7,-0.06896551724137931,0.7273079354821581
Cluster_71,8,0.20580186097427478,0.2934191273008828
Cluster_71,9,0.3021346469622332,0.11813938896024895
Cluster_71,10,0.3574165298303229,0.06186504871411693
Cluster_71,11,0.4050355774493705,0.03250646942005903
Cluster_71,12,-0.3579638752052545,0.061438413786782574
Cluster_72,0,-0.3181818181818182,0.03758448938593046
Cluster_72,1,-0.09649652672908486,0.5381827402775503
Cluster_72,2,-0.1535789791603745,0.3254803936157873
Cluster_72,3,-0.13545756569012385,0.38644515770750565
Cluster_72,4,-0.07943219571126549,0.6126289135064318
Cluster_72,5,0.035185744488070075,0.8227582888787608
Cluster_72,6,0.0588945937783147,0.7075537630380192
Cluster_72,7,0.12987012987012986,0.40651364402344115
Cluster_72,8,0.13409845967985504,0.39127226546421456
Cluster_72,9,0.017517366354575657,0.9112256900710345
Cluster_72,10,0.07414678344910902,0.6365434896781764
Cluster_72,11,0.10872848082150409,0.48766169354491373
Cluster_72,12,0.2179099969797644,0.16039050916444375
Cluster_73,0,-0.18627450980392157,0.4740951399440866
Cluster_73,1,-0.07352941176470588,0.779127287251723
Cluster_73,2,-0.26470588235294124,0.3045422200057608
Cluster_73,3,-0.3651960784313726,0.14947236965165753
Cluster_73,4,-0.14460784313725492,0.5797547992794121
Cluster_73,5,-0.03921568627450981,0.8812135857007628
Cluster_73,6,-0.11764705882352941,0.6529334399539918
Cluster_73,7,-0.16421568627450983,0.5288225629141268
Cluster_73,8,-0.08823529411764706,0.7363051515421215
Cluster_73,9,0.2524509803921569,0.32829422956501797
Cluster_73,10,0.16666666666666669,0.5226031535880373
Cluster_73,11,0.11519607843137256,0.6597500431074229
Cluster_73,12,-0.3186274509803922,0.2125915923704279
Cluster_74,0,-0.2592845556219585,0.06343076208593867
Cluster_74,1,-0.3857252625288141,0.004741702767067395
Cluster_74,2,-0.3388542644924443,0.013998898143769575
Cluster_74,3,-0.33142661999487744,0.016389624168733442
Cluster_74,4,-0.321096217877572,0.020286608935360294
Cluster_74,5,-0.2422948860240758,0.08351749068342239
Cluster_74,6,-0.2884828822675659,0.03807641090395578
Cluster_74,7,-0.2778963544779305,0.04607491411357323
Cluster_74,8,-0.16801844104840774,0.23379804271011892
Cluster_74,9,-0.10731665670622385,0.44889998139085396
Cluster_74,10,-0.10304789550072568,0.4672481012597359
Cluster_74,11,-0.06650729958166139,0.6394615171487625
Cluster_74,12,-0.061128660462733714,0.66683742877221
Cluster_75,0,0.05052170830571952,0.6324600252041324
Cluster_75,1,0.10520475317109258,0.31824801569141653
Cluster_75,2,0.11195536581230829,0.288008559519001
Cluster_75,3,0.11163170630211303,0.2894133728453144
Cluster_75,4,0.1184285560162138,0.26086128301751416
Cluster_75,5,0.14834394217283417,0.1581761984975474
Cluster_75,6,0.16563660743183883,0.11458193859519512
Cluster_75,7,0.1877379282708876,0.07312192848421595
Cluster_75,8,0.17072268544919314,0.10371704375879812
Cluster_75,9,0.12516375629980117,0.23452008810655922
Cluster_75,10,0.14797404558975386,0.1592276779097557
Cluster_75,11,0.09429280397022333,0.3712934989395722
Cluster_75,12,-0.031656982568623517,0.7645077702745084
Cluster_76,0,0.23942660209826241,0.14767993720514785
Cluster_76,1,0.18482245472758926,0.2666256841893466
Cluster_76,2,0.20802101032394738,0.21011293514111382
Cluster_76,3,0.17486458416500153,0.2936967823326217
Cluster_76,4,0.25091645274740204,0.12863422195545102
Cluster_76,5,0.18712042485741717,0.2606200831484795
Cluster_76,6,0.20112709993446357,0.22595890805870436
Cluster_76,7,0.2578103631368859,0.11812091479227943
Cluster_76,8,0.04223887952921815,0.8012016290611643
Cluster_76,9,-0.20265908002101554,0.22236897058490968
Cluster_76,10,-0.07594244143336112,0.6504351516290502
Cluster_76,11,0.00043770859615770093,0.9979190561119551
Cluster_76,12,-0.1347048204675325,0.42005703001686356
Cluster_77,0,-0.059743954480796585,0.7254013944080937
Cluster_77,1,-0.26695116168800376,0.11021983475866406
Cluster_77,2,-0.22688477951635844,0.17688586238992676
Cluster_77,3,-0.19393077287814128,0.2501001289324031
Cluster_77,4,-0.01872925557136083,0.9123896159415881
Cluster_77,5,0.13252726410621146,0.43426060628470986
Cluster_77,6,0.0995732574679943,0.5576387942240338
Cluster_77,7,0.15267899478425795,0.36698277434631055
Cluster_77,8,0.35206258890469416,0.03260139728510185
Cluster_77,9,0.22024656235182546,0.19023703896181404
Cluster_77,10,0.206733048838312,0.21957389666513247
Cluster_77,11,0.22783309625414885,0.17503450233136508
Cluster_77,12,-0.1519677572309151,0.36924565971161505
Cluster_78,0,-0.15942513368983957,0.3755086858721369
Cluster_78,1,-0.03141711229946524,0.8622102636715578
Cluster_78,2,-0.03743315508021391,0.8361520648204936
Cluster_78,3,-0.019719251336898398,0.9132651059631332
Cluster_78,4,0.11898395721925133,0.5095716695403048
Cluster_78,5,0.22760695187165775,0.20270405048039072
Cluster_78,6,0.24766042780748665,0.1646495706147131
Cluster_78,7,0.2820855614973262,0.11172939427098127
Cluster_78,8,0.2710561497326203,0.12706321408775215
Cluster_78,9,0.29979946524064177,0.0900656480866544
Cluster_78,10,0.19418449197860962,0.27887878695136586
Cluster_78,11,0.19752673796791445,0.2705257703839178
Cluster_78,12,0.09157754010695188,0.6122561044810437
Cluster_79,0,0.022500755058894595,0.8861183699686093
Cluster_79,1,0.13002114164904863,0.40596350590049723
Cluster_79,2,0.12292358803986711,0.4322797325869602
Cluster_79,3,0.07475083056478406,0.633791257318328
Cluster_79,4,0.04892781636967683,0.755364628734234
Cluster_79,5,0.19646632437330114,0.20669636223937785
Cluster_79,6,0.21292660827544546,0.17040942002136622
Cluster_79,7,0.37722742373905166,0.012643890093713155
Cluster_79,8,0.41754756871035936,0.0053383834019799055
Cluster_79,9,0.1771368166717004,0.25581005476676255
Cluster_79,10,0.19465418302627607,0.2109981066570291
Cluster_79,11,0.17758985200845667,0.2545765855222769
Cluster_79,12,0.09543944427665359,0.5426643619071492
Cluster_80,0,-0.17673630717108982,0.43139783214875327
Cluster_80,1,-0.1507622811970638,0.5030459858018412
Cluster_80,2,-0.14624505928853757,0.5160696210616291
Cluster_80,3,-0.06832298136645965,0.7625680708731801
Cluster_80,4,-0.08300395256916997,0.7134458318122271
Cluster_80,5,-0.006211180124223602,0.9781147004348607
Cluster_80,6,-0.09994353472614344,0.6581099564182369
Cluster_80,7,-0.09203839638622249,0.6837393497090001
Cluster_80,8,0.031055900621118016,0.8908767575077248
Cluster_80,9,-0.05702992659514399,0.8009755903446723
Cluster_80,10,-0.04347826086956522,0.8476501356797841
Cluster_80,11,-0.14059853190287974,0.5325726782933646
Cluster_80,12,0.4714850367024281,0.02675160050252608
Cluster_81,0,-0.12205801860974276,0.536084917236463
Cluster_81,1,-0.29337712096332785,0.1297231167959181
Cluster_81,2,-0.2922824302134647,0.13122739324125404
Cluster_81,3,-0.2742200328407225,0.15791517476134653
Cluster_81,4,-0.26491516146688554,0.17307945846808961
Cluster_81,5,-0.0722495894909688,0.7148451916268383
Cluster_81,6,-0.04433497536945813,0.8227474581318904
Cluster_81,7,-0.041050903119868636,0.8356939585960415
Cluster_81,8,-0.044882320744389706,0.8205940207117213
Cluster_81,9,-0.0120415982484948,0.9515064313906725
Cluster_81,10,-0.012588943623426383,0.9493049110329377
Cluster_81,11,-0.055281882868089764,0.7799371124973846
Cluster_81,12,-0.042692939244663386,0.8292152528855748
Cluster_82,0,-0.013986013986013986,0.9655902689187795
Cluster_82,1,0.06993006993006995,0.8290236405313092
Cluster_82,2,0.013986013986013986,0.9655902689187795
Cluster_82,3,0.013986013986013986,0.9655902689187795
Cluster_82,4,0.34965034965034975,0.2652387868927897
Cluster_82,5,0.15384615384615385,0.6330906812462618
Cluster_82,6,0.4825174825174825,0.11210929146889191
Cluster_82,7,0.2517482517482518,0.42991878503288405
Cluster_82,8,0.3636363636363637,0.2452650007307772
Cluster_82,9,0.32867132867132864,0.2969041156887641
Cluster_82,10,0.18881118881118883,0.5567370561768314
Cluster_82,11,0.3706293706293707,0.2356210035126457
Cluster_82,12,-0.6013986013986015,0.03858845292201944
Cluster_83,0,-0.2675324675324675,0.24102003675627298
Cluster_83,1,0.02077922077922078,0.9287633909628465
Cluster_83,2,-0.08831168831168833,0.7034559950013928
Cluster_83,3,0.02857142857142857,0.902156216296043
Cluster_83,4,0.0987012987012987,0.6703614184969642
Cluster_83,5,0.34155844155844156,0.1296778641559596
Cluster_83,6,0.3103896103896104,0.17087682060108259
Cluster_83,7,0.29480519480519485,0.19452701576620296
Cluster_83,8,0.3168831168831169,0.16163316689274096
Cluster_83,9,0.374025974025974,0.09485806555451032
Cluster_83,10,0.3974025974025974,0.07443684016918098
Cluster_83,11,0.32597402597402597,0.14928317187962065
Cluster_83,12,-0.17792207792207793,0.4403496824576797
Cluster_84,0,-0.03885630498533724,0.8327789196507925
Cluster_84,1,-0.3662023460410557,0.039268892858956884
Cluster_84,2,-0.2111436950146627,0.24603894362574935
Cluster_84,3,-0.28629032258064513,0.11216793421576111
Cluster_84,4,-0.3405425219941349,0.05649426814876184
Cluster_84,5,-0.3779325513196481,0.0329522940912025
Cluster_84,6,-0.2910557184750733,0.10605898405166295
Cluster_84,7,-0.1693548387096774,0.3541250766177467
Cluster_84,8,0.017961876832844573,0.9222714784270948
Cluster_84,9,0.1444281524926686,0.43031563295344066
Cluster_84,10,0.007697947214076245,0.9666468330034552
Cluster_84,11,0.02602639296187683,0.8875589636676529
Cluster_84,12,-0.2034457478005865,0.2640779721039491
Cluster_85,0,-0.2831168831168831,0.21364780365132666
Cluster_85,1,-0.28441558441558445,0.21146401385264046
Cluster_85,2,-0.3948051948051948,0.07652675452161196
Cluster_85,3,-0.34025974025974026,0.1312375765277248
Cluster_85,4,-0.2753246753246753,0.22706392689035132
Cluster_85,5,-0.33246753246753247,0.14087699566933984
Cluster_85,6,-0.29740259740259745,0.19043999754486557
Cluster_85,7,-0.13246753246753248,0.5670485306482509
Cluster_85,8,-0.09220779220779221,0.6909811745118994
Cluster_85,9,-0.029870129870129873,0.8977307350801784
Cluster_85,10,0.012987012987012986,0.9554439323134465
Cluster_85,11,0.08051948051948052,0.7286240142042281
Cluster_85,12,0.13246753246753248,0.5670485306482509
Cluster_86,0,-0.03397683397683398,0.844044289727317
Cluster_86,1,-0.0435006435006435,0.8011092946125663
Cluster_86,2,-0.0015444015444015446,0.992867507218649
Cluster_86,3,-0.004375804375804376,0.9797930769598763
Cluster_86,4,0.06023166023166024,0.7271246300663884
Cluster_86,5,-0.025482625482625483,0.8827187682882669
Cluster_86,6,-0.029601029601029602,0.8639284978203253
Cluster_86,7,-0.22754182754182758,0.18198952932967472
Cluster_86,8,-0.19433719433719435,0.25606485029098713
Cluster_86,9,-0.11814671814671815,0.4925414193299976
Cluster_86,10,-0.07696267696267697,0.6554947221058658
Cluster_86,11,0.08005148005148006,0.6425732382359324
Cluster_86,12,-0.1536679536679537,0.3708942425450542
Cluster_87,0,-0.07969924812030074,0.73837374901493
Cluster_87,1,0.2421052631578947,0.30375506301143457
Cluster_87,2,0.04060150375939849,0.8650468790077722
Cluster_87,3,-0.03308270676691729,0.889875964885619
Cluster_87,4,-0.14586466165413534,0.5394664944297437
Cluster_87,5,-0.007518796992481202,0.9749025019933399
Cluster_87,6,-0.05413533834586466,0.8206745196973446
Cluster_87,7,-0.18045112781954886,0.4464646102705483
Cluster_87,8,-0.29323308270676685,0.20957138880302534
Cluster_87,9,-0.24360902255639094,0.3006681944004437
Cluster_87,10,-0.10075187969924812,0.6725564354857818
Cluster_87,11,-0.1533834586466165,0.5185244542213634
Cluster_87,12,-0.22255639097744356,0.3456206337468547
Cluster_89,0,-0.2603049124788256,0.24201079068326736
Cluster_89,1,-0.22868435911914178,0.30599593936021585
Cluster_89,2,-0.2648221343873518,0.23364124157867966
Cluster_89,3,-0.16770186335403728,0.45567700180801285
Cluster_89,4,-0.17221908526256355,0.44344982637269703
Cluster_89,5,-0.09090909090909091,0.6874290975505297
Cluster_89,6,-0.13156408808582723,0.5594788375488211
Cluster_89,7,-0.20609824957651046,0.35747230059756074
Cluster_89,8,-0.2614342179559571,0.23990040725366885
Cluster_89,9,-0.09768492377188029,0.6653964075322027
Cluster_89,10,-0.17447769621682668,0.43740178605254565
Cluster_89,11,-0.042348955392433656,0.8515642629643547
Cluster_89,12,0.3167701863354037,0.15090164160975986
Cluster_90,0,-0.3036984352773826,0.06764705426496338
Cluster_90,1,-0.26268373636794684,0.11624590409491058
Cluster_90,2,-0.3376007586533902,0.041003542661301344
Cluster_90,3,-0.277619724988146,0.0961887946673737
Cluster_90,4,-0.29350403034613554,0.07788342998480031
Cluster_90,5,-0.20625889046941673,0.22065666009844148
Cluster_90,6,-0.18752963489805594,0.2663778833987819
Cluster_90,7,-0.13584637268847793,0.4227344105596089
Cluster_90,8,-0.000948316737790422,0.9955554922309118
Cluster_90,9,-0.013513513513513513,0.936729009174347
Cluster_90,10,0.015884305357989566,0.9256573149293541
Cluster_90,11,0.14675201517306777,0.38609236223945853
Cluster_90,12,-0.09340919867235657,0.5823954667898725
Cluster_91,0,-0.3681318681318681,0.21585718064938147
Cluster_91,1,-0.24725274725274726,0.4154051197255382
Cluster_91,2,-0.3131868131868132,0.2974384220710292
Cluster_91,3,-0.24725274725274726,0.4154051197255382
Cluster_91,4,-0.2747252747252747,0.3636749816401784
Cluster_91,5,0.09890109890109891,0.7478683035983906
Cluster_91,6,0.2857142857142857,0.34400021825867
Cluster_91,7,0.3626373626373627,0.22331572029248162
Cluster_91,8,0.4230769230769231,0.14974854155496814
Cluster_91,9,0.510989010989011,0.07432891414402144
Cluster_91,10,0.510989010989011,0.07432891414402144
Cluster_91,11,0.3736263736263736,0.20855405979520908
Cluster_91,12,0.37912087912087916,0.20140608996104353
Cluster_92,0,-0.03529411764705882,0.8967532476935333
Cluster_92,1,-0.2058823529411765,0.4442846410521438
Cluster_92,2,-0.18529411764705883,0.4920570502059438
Cluster_92,3,-0.1764705882352941,0.5132505967364668
Cluster_92,4,-0.22352941176470587,0.40529834728275893
Cluster_92,5,-0.14411764705882352,0.5943782881736932
Cluster_92,6,-0.15588235294117647,0.5642819694728023
Cluster_92,7,-0.09705882352941177,0.7206513082372035
Cluster_92,8,0.2088235294117647,0.43765851094980035
Cluster_92,9,0.42352941176470593,0.10210932208599745
Cluster_92,10,0.33529411764705885,0.20425458084551512
Cluster_92,11,0.3588235294117647,0.17230386289263244
Cluster_92,12,-0.07352941176470588,0.7866792491258565
Cluster_93,0,-0.4157732799849393,0.1232312445436023
Cluster_93,1,-0.4050205227439495,0.1342356548475493
Cluster_93,2,-0.33333547447068407,0.22470656026695318
Cluster_93,3,-0.358425241366327,0.18957103161438088
Cluster_93,4,-0.2688189310247452,0.33264411774644986
Cluster_93,5,-0.20788663999246965,0.4571951200330746
Cluster_93,6,-0.358425241366327,0.18957103161438088
Cluster_93,7,-0.36917799860731676,0.17567187287445396
Cluster_93,8,-0.13620159171920423,0.6283793496135369
Cluster_93,9,0.010752757240989808,0.9696613755106711
Cluster_93,10,-0.0035842524136632694,0.9898852196219272
Cluster_93,11,0.18279687309682677,0.514349633022108
Cluster_93,12,-0.16129135861484714,0.5657872064863734
Cluster_94,0,-0.04242424242424241,0.907363817812816
Cluster_94,1,0.3939393939393939,0.25999776683488757
Cluster_94,2,0.2606060606060606,0.4670890543863402
Cluster_94,3,0.41818181818181815,0.22911284098281892
Cluster_94,4,0.22424242424242422,0.5334005612725947
Cluster_94,5,-0.28484848484848485,0.42503815489214547
Cluster_94,6,-0.29696969696969694,0.4047016712701569
Cluster_94,7,0.04242424242424241,0.907363817812816
Cluster_94,8,-0.23636363636363633,0.5108853175152002
Cluster_94,9,-0.3696969696969697,0.2930500752928223
Cluster_94,10,-0.5878787878787878,0.07387770688865801
Cluster_94,11,-0.5151515151515151,0.12755286970323426
Cluster_94,12,0.34545454545454546,0.32822651147136733
Cluster_95,0,0.4447884416924664,0.0643852241036506
Cluster_95,1,0.5789473684210527,0.011818464080461773
Cluster_95,2,0.5810113519091847,0.0114508540069193
Cluster_95,3,0.6181630546955624,0.0062517627309340695
Cluster_95,4,0.5789473684210527,0.011818464080461773
Cluster_95,5,0.5851393188854489,0.010743066498094603
Cluster_95,6,0.5892672858617131,0.010070753912334262
Cluster_95,7,0.5995872033023736,0.008536698768223001
Cluster_95,8,0.2693498452012384,0.2797642200565713
Cluster_95,9,0.3085655314757482,0.2128287059586837
Cluster_95,10,0.2652218782249742,0.2874842429174512
Cluster_95,11,0.15376676986584106,0.5424031647570589
Cluster_95,12,0.1042311661506708,0.6806381463141873
Cluster_96,0,0.3025641025641025,0.13300051657757744
Cluster_96,1,0.1528205128205128,0.4560869461523138
Cluster_96,2,0.0988034188034188,0.631084510101265
Cluster_96,3,0.09333333333333332,0.650192408571295
Cluster_96,4,0.1158974358974359,0.572887073891802
Cluster_96,5,-0.05025641025641025,0.807378643447033
Cluster_96,6,-0.08786324786324784,0.6695180334275164
Cluster_96,7,-0.04205128205128204,0.8383810584311926
Cluster_96,8,-0.10769230769230768,0.6005250068723842
Cluster_96,9,-0.23897435897435895,0.23969991208512573
Cluster_96,10,-0.2711111111111111,0.1803547376144348
Cluster_96,11,-0.20547008547008547,0.31395122261636943
Cluster_96,12,-0.11794871794871793,0.5660670320654289
Cluster_97,0,0.24545454545454545,0.4669223669820163
Cluster_97,1,0.48181818181818187,0.1334338382568288
Cluster_97,2,0.48181818181818187,0.1334338382568288
Cluster_97,3,0.5454545454545455,0.08265095734417506
Cluster_97,4,0.6545454545454547,0.028864598957001886
Cluster_97,5,0.6545454545454547,0.028864598957001886
Cluster_97,6,0.6454545454545455,0.03196279932801745
Cluster_97,7,0.6818181818181819,0.020842853610945056
Cluster_97,8,0.6636363636363638,0.025984133918765504
Cluster_97,9,0.43636363636363645,0.17966487658001123
Cluster_97,10,0.6000000000000001,0.05100326070695074
Cluster_97,11,0.5090909090909091,0.10973723224165641
Cluster_97,12,0.14545454545454548,0.6695786456420787
Cluster_98,0,-0.4116318464144552,0.056988955031243044
Cluster_98,1,-0.497459062676454,0.01848920072039738
Cluster_98,2,-0.48729531338226995,0.021433914769516654
Cluster_98,3,-0.39243365330321855,0.07084079067181391
Cluster_98,4,-0.4206662902315077,0.05123847389451633
Cluster_98,5,0.19367588932806323,0.387800052582863
Cluster_98,6,0.12817617165443254,0.5697228950732829
Cluster_98,7,0.1902879728966686,0.39631489313595236
Cluster_98,8,0.37323546019198195,0.08709931441089204
Cluster_98,9,0.2907961603613778,0.18920778524573764
Cluster_98,10,0.25014116318464147,0.2615456789659446
Cluster_98,11,0.4342179559570865,0.04346507477769582
Cluster_98,12,0.044607566346696784,0.8437394727309631
Cluster_99,0,-0.10526315789473684,0.6680128800865883
Cluster_99,1,-0.12456140350877193,0.6113997291771747
Cluster_99,2,-0.20175438596491227,0.4075051414152554
Cluster_99,3,-0.09824561403508772,0.6890532888528581
Cluster_99,4,-0.1754385964912281,0.4725078411455852
Cluster_99,5,-0.3140350877192983,0.1904199950600573
Cluster_99,6,-0.31228070175438594,0.19304246779700218
Cluster_99,7,-0.30701754385964913,0.20105403233018002
Cluster_99,8,-0.14035087719298248,0.5665827574598226
Cluster_99,9,-0.04035087719298246,0.8697227104002634
Cluster_99,10,-0.005263157894736842,0.9829392613354335
Cluster_99,11,-0.031578947368421054,0.8978832031610189
Cluster_99,12,0.056140350877192984,0.8194314004326242
Cluster_100,0,-0.08721804511278194,0.7146383646582315
Cluster_100,1,-0.10676691729323308,0.6541415450094847
Cluster_100,2,-0.12481203007518797,0.6000744184144979
Cluster_100,3,-0.19849624060150375,0.4015036070038971
Cluster_100,4,-0.19999999999999998,0.39787297935196153
Cluster_100,5,-0.1518796992481203,0.5226819111403139
Cluster_100,6,-0.07368421052631578,0.757528699864343
Cluster_100,7,0.09774436090225563,0.681832438507082
Cluster_100,8,0.09022556390977443,0.7052130308607131
Cluster_100,9,0.19097744360902258,0.41992697220250474
Cluster_100,10,0.4195488721804511,0.065548285182185
Cluster_100,11,0.5398496240601504,0.014013555304583477
Cluster_100,12,-0.3684210526315789,0.10996436611637714
Cluster_101,0,-0.5413533834586466,0.0136974953970477
Cluster_101,1,-0.2556390977443609,0.27666444989581596
Cluster_101,2,-0.3383458646616541,0.14452609966359914
Cluster_101,3,-0.28120300751879695,0.22974103217104477
Cluster_101,4,-0.34285714285714286,0.13891001088101337
Cluster_101,5,-0.18796992481203004,0.42742125802266384
Cluster_101,6,-0.437593984962406,0.05366144000429185
Cluster_101,7,-0.4195488721804511,0.065548285182185
Cluster_101,8,-0.22255639097744356,0.3456206337468547
Cluster_101,9,-0.19248120300751878,0.4162064734197989
Cluster_101,10,-0.2571428571428572,0.27375050350001584
Cluster_101,11,-0.03308270676691729,0.889875964885619
Cluster_101,12,0.33684210526315783,0.1464329432946607
